dataset,episode_id,split,mode,duration_sec,task_success,task_progress,mean_l2,source
DROID,1477,L2,original,9.666666666666666,0.0,0.0,0.09033144615073922,droid_3way_selected150.json
DROID,1477,L2,llm_dual,9.666666666666666,1.0,0.7,0.09367300198804356,droid_3way_selected150.json
DROID,1477,L2,llm_val,9.666666666666666,1.0,0.9,0.0925584762224604,droid_3way_selected150.json
DROID,1832,L1,original,7.8,0.0,0.4,0.12000104230096072,droid_3way_selected150.json
DROID,1832,L1,llm_dual,7.8,0.0,0.4,0.12384013069953152,droid_3way_selected150.json
DROID,1832,L1,llm_val,7.8,1.0,0.6,0.10803977820629036,droid_3way_selected150.json
DROID,1631,L3,original,15.333333333333334,0.0,0.0,0.15296534010170693,droid_3way_selected150.json
DROID,1631,L3,llm_dual,15.333333333333334,1.0,0.7,0.13250685385353772,droid_3way_selected150.json
DROID,1631,L3,llm_val,15.333333333333334,1.0,0.7,0.12770317479882218,droid_3way_selected150.json
DROID,1842,L3,original,19.6,0.0,0.4,0.16020685255472772,droid_3way_selected150.json
DROID,1842,L3,llm_dual,19.6,1.0,0.7,0.07743132229820589,droid_3way_selected150.json
DROID,1842,L3,llm_val,19.6,1.0,0.7,0.08060228853408136,droid_3way_selected150.json
DROID,1338,L1,original,7.6,0.0,0.4,0.07612342071113781,droid_3way_selected150.json
DROID,1338,L1,llm_dual,7.6,0.0,0.4,0.05883965186372486,droid_3way_selected150.json
DROID,1338,L1,llm_val,7.6,1.0,0.6,0.058671509502384624,droid_3way_selected150.json
DROID,1432,L2,original,11.4,0.0,0.4,0.06108988421102152,droid_3way_selected150.json
DROID,1432,L2,llm_dual,11.4,1.0,0.9,0.06573799468090492,droid_3way_selected150.json
DROID,1432,L2,llm_val,11.4,1.0,0.9,0.05981346866040072,droid_3way_selected150.json
DROID,1814,L3,original,19.0,0.0,0.3,0.09011695234798378,droid_3way_selected150.json
DROID,1814,L3,llm_dual,19.0,0.0,0.4,0.07461654099851452,droid_3way_selected150.json
DROID,1814,L3,llm_val,19.0,1.0,0.7,0.06370760707378753,droid_3way_selected150.json
DROID,1492,L1,original,8.133333333333333,0.0,0.4,0.10091312258406822,droid_3way_selected150.json
DROID,1492,L1,llm_dual,8.133333333333333,1.0,0.7,0.08281318676839287,droid_3way_selected150.json
DROID,1492,L1,llm_val,8.133333333333333,1.0,0.8,0.10024577491515285,droid_3way_selected150.json
DROID,1305,L1,original,3.466666666666667,0.0,0.4,0.21504940483479004,droid_3way_selected150.json
DROID,1305,L1,llm_dual,3.466666666666667,0.0,0.4,0.09952830792748883,droid_3way_selected150.json
DROID,1305,L1,llm_val,3.466666666666667,1.0,0.7,0.13782901987830878,droid_3way_selected150.json
DROID,1037,L2,original,10.0,0.0,0.4,0.15774475724665932,droid_3way_selected150.json
DROID,1037,L2,llm_dual,10.0,1.0,0.6,0.11877318256210419,droid_3way_selected150.json
DROID,1037,L2,llm_val,10.0,1.0,0.7,0.09627089133576534,droid_3way_selected150.json
DROID,1852,L2,original,8.666666666666666,0.0,0.4,0.15865520529857458,droid_3way_selected150.json
DROID,1852,L2,llm_dual,8.666666666666666,1.0,0.7,0.12435428451740865,droid_3way_selected150.json
DROID,1852,L2,llm_val,8.666666666666666,1.0,0.7,0.10384370438630774,droid_3way_selected150.json
DROID,1231,L1,original,7.333333333333333,0.0,0.4,0.17960518753623575,droid_3way_selected150.json
DROID,1231,L1,llm_dual,7.333333333333333,1.0,0.9,0.1530704900355382,droid_3way_selected150.json
DROID,1231,L1,llm_val,7.333333333333333,1.0,0.7,0.1268818977856673,droid_3way_selected150.json
DROID,1627,L1,original,7.466666666666667,0.0,0.4,0.14368585630285136,droid_3way_selected150.json
DROID,1627,L1,llm_dual,7.466666666666667,0.0,0.4,0.08750129262718265,droid_3way_selected150.json
DROID,1627,L1,llm_val,7.466666666666667,1.0,0.7,0.11237541212753628,droid_3way_selected150.json
DROID,1399,L2,original,8.733333333333333,0.0,0.4,0.12758902123153398,droid_3way_selected150.json
DROID,1399,L2,llm_dual,8.733333333333333,0.0,0.4,0.1935136937909352,droid_3way_selected150.json
DROID,1399,L2,llm_val,8.733333333333333,1.0,0.7,0.10362720540012903,droid_3way_selected150.json
DROID,1563,L3,original,20.2,0.0,0.4,0.20715374839351441,droid_3way_selected150.json
DROID,1563,L3,llm_dual,20.2,1.0,0.7,0.17726693522621617,droid_3way_selected150.json
DROID,1563,L3,llm_val,20.2,1.0,0.7,0.18506866973284364,droid_3way_selected150.json
DROID,1273,L2,original,8.666666666666666,0.0,0.4,0.17140212084737516,droid_3way_selected150.json
DROID,1273,L2,llm_dual,8.666666666666666,0.0,0.4,0.1834765825078417,droid_3way_selected150.json
DROID,1273,L2,llm_val,8.666666666666666,1.0,0.7,0.15864683270150398,droid_3way_selected150.json
DROID,1159,L2,original,9.0,0.0,0.4,0.12866719914851446,droid_3way_selected150.json
DROID,1159,L2,llm_dual,9.0,0.0,0.4,0.105487923931043,droid_3way_selected150.json
DROID,1159,L2,llm_val,9.0,1.0,0.7,0.1201529173387242,droid_3way_selected150.json
DROID,1550,L3,original,22.2,0.0,0.4,0.07262753103103597,droid_3way_selected150.json
DROID,1550,L3,llm_dual,22.2,1.0,0.7,0.09519429252282137,droid_3way_selected150.json
DROID,1550,L3,llm_val,22.2,1.0,0.7,0.06490042627196886,droid_3way_selected150.json
DROID,1834,L3,original,14.0,0.0,0.4,0.13916405412242322,droid_3way_selected150.json
DROID,1834,L3,llm_dual,14.0,0.0,0.4,0.15467811686808983,droid_3way_selected150.json
DROID,1834,L3,llm_val,14.0,1.0,0.7,0.13352628147195736,droid_3way_selected150.json
DROID,1691,L1,original,7.466666666666667,0.0,0.4,0.31014661651945136,droid_3way_selected150.json
DROID,1691,L1,llm_dual,7.466666666666667,1.0,0.9,0.29745441724812904,droid_3way_selected150.json
DROID,1691,L1,llm_val,7.466666666666667,1.0,0.7,0.3074049931295864,droid_3way_selected150.json
DROID,1648,L3,original,12.066666666666666,0.0,0.4,0.12265025742060409,droid_3way_selected150.json
DROID,1648,L3,llm_dual,12.066666666666666,0.0,0.0,0.09792049987136425,droid_3way_selected150.json
DROID,1648,L3,llm_val,12.066666666666666,1.0,0.7,0.12072248497771206,droid_3way_selected150.json
DROID,1919,L2,original,9.266666666666667,0.0,0.4,0.09701441065505834,droid_3way_selected150.json
DROID,1919,L2,llm_dual,9.266666666666667,1.0,0.7,0.09579744064992025,droid_3way_selected150.json
DROID,1919,L2,llm_val,9.266666666666667,1.0,0.7,0.09582132762573765,droid_3way_selected150.json
DROID,1315,L3,original,13.6,0.0,0.4,0.12317345453004232,droid_3way_selected150.json
DROID,1315,L3,llm_dual,13.6,0.0,0.4,0.08623754177019609,droid_3way_selected150.json
DROID,1315,L3,llm_val,13.6,1.0,0.7,0.12568885081476722,droid_3way_selected150.json
DROID,1896,L3,original,12.6,0.0,0.4,0.22569102711605782,droid_3way_selected150.json
DROID,1896,L3,llm_dual,12.6,0.0,0.4,0.2746362109309526,droid_3way_selected150.json
DROID,1896,L3,llm_val,12.6,1.0,0.7,0.22931880527008075,droid_3way_selected150.json
DROID,1752,L3,original,16.133333333333333,0.0,0.4,0.051764664600834155,droid_3way_selected150.json
DROID,1752,L3,llm_dual,16.133333333333333,1.0,0.4,0.06541722318968751,droid_3way_selected150.json
DROID,1752,L3,llm_val,16.133333333333333,1.0,0.7,0.06291142312931987,droid_3way_selected150.json
DROID,1893,L2,original,9.2,0.0,0.4,0.04402600563032596,droid_3way_selected150.json
DROID,1893,L2,llm_dual,9.2,0.0,0.4,0.05600212285382574,droid_3way_selected150.json
DROID,1893,L2,llm_val,9.2,1.0,0.7,0.055334953119853,droid_3way_selected150.json
DROID,1267,L1,original,6.933333333333334,0.0,0.4,0.17690164055108817,droid_3way_selected150.json
DROID,1267,L1,llm_dual,6.933333333333334,0.0,0.4,0.17900723384105444,droid_3way_selected150.json
DROID,1267,L1,llm_val,6.933333333333334,1.0,0.7,0.1911467035990504,droid_3way_selected150.json
DROID,1732,L3,original,12.333333333333334,0.0,0.4,0.07570039136863263,droid_3way_selected150.json
DROID,1732,L3,llm_dual,12.333333333333334,1.0,0.7,0.095428478112443,droid_3way_selected150.json
DROID,1732,L3,llm_val,12.333333333333334,1.0,0.7,0.09294089329547435,droid_3way_selected150.json
DROID,1087,L3,original,12.333333333333334,0.0,0.4,0.1900832753398812,droid_3way_selected150.json
DROID,1087,L3,llm_dual,12.333333333333334,0.0,0.4,0.21558698632186704,droid_3way_selected150.json
DROID,1087,L3,llm_val,12.333333333333334,1.0,0.7,0.21188697277860222,droid_3way_selected150.json
DROID,1464,L3,original,12.933333333333334,0.0,0.4,0.10548927311020538,droid_3way_selected150.json
DROID,1464,L3,llm_dual,12.933333333333334,1.0,0.7,0.16617223626534025,droid_3way_selected150.json
DROID,1464,L3,llm_val,12.933333333333334,1.0,0.7,0.15240801234227863,droid_3way_selected150.json
DROID,1343,L1,original,4.933333333333334,0.0,0.4,0.07077485437721688,droid_3way_selected150.json
DROID,1343,L1,llm_dual,4.933333333333334,1.0,0.6,0.07634938836399235,droid_3way_selected150.json
DROID,1343,L1,llm_val,4.933333333333334,1.0,0.6,0.05872410729574753,droid_3way_selected150.json
DROID,1261,L2,original,10.666666666666666,0.0,0.4,0.21683315974874942,droid_3way_selected150.json
DROID,1261,L2,llm_dual,10.666666666666666,0.0,0.4,0.12018738424397923,droid_3way_selected150.json
DROID,1261,L2,llm_val,10.666666666666666,1.0,0.4,0.14970011825433202,droid_3way_selected150.json
DROID,1488,L3,original,13.333333333333334,0.0,0.4,0.1139470660280149,droid_3way_selected150.json
DROID,1488,L3,llm_dual,13.333333333333334,0.0,0.4,0.14356058122348603,droid_3way_selected150.json
DROID,1488,L3,llm_val,13.333333333333334,1.0,0.7,0.1451141755320138,droid_3way_selected150.json
DROID,1269,L1,original,6.866666666666666,0.0,0.4,0.22682940546815522,droid_3way_selected150.json
DROID,1269,L1,llm_dual,6.866666666666666,0.0,0.3,0.0767931536860614,droid_3way_selected150.json
DROID,1269,L1,llm_val,6.866666666666666,0.0,0.4,0.057901572083172564,droid_3way_selected150.json
DROID,1682,L1,original,8.133333333333333,0.0,0.4,0.084821892990538,droid_3way_selected150.json
DROID,1682,L1,llm_dual,8.133333333333333,0.0,0.4,0.1581747036572099,droid_3way_selected150.json
DROID,1682,L1,llm_val,8.133333333333333,1.0,0.9,0.12460526911758123,droid_3way_selected150.json
DROID,1349,L2,original,10.266666666666667,0.0,0.0,0.11580895358175429,droid_3way_selected150.json
DROID,1349,L2,llm_dual,10.266666666666667,0.0,0.3,0.09841587059234824,droid_3way_selected150.json
DROID,1349,L2,llm_val,10.266666666666667,0.0,0.3,0.13201526096891195,droid_3way_selected150.json
DROID,1103,L2,original,10.866666666666667,0.0,0.2,0.23855473124403992,droid_3way_selected150.json
DROID,1103,L2,llm_dual,10.866666666666667,0.0,0.3,0.1503058393795579,droid_3way_selected150.json
DROID,1103,L2,llm_val,10.866666666666667,0.0,0.3,0.16709645133847062,droid_3way_selected150.json
DROID,1051,L3,original,16.6,1.0,0.7,0.25856707590299816,droid_3way_selected150.json
DROID,1051,L3,llm_dual,16.6,1.0,0.7,0.09412650384291042,droid_3way_selected150.json
DROID,1051,L3,llm_val,16.6,1.0,0.7,0.09612038770490361,droid_3way_selected150.json
DROID,1167,L3,original,16.0,1.0,0.7,0.1418028605009043,droid_3way_selected150.json
DROID,1167,L3,llm_dual,16.0,0.0,0.4,0.0963963550100786,droid_3way_selected150.json
DROID,1167,L3,llm_val,16.0,1.0,0.8,0.0995665758197521,droid_3way_selected150.json
DROID,1502,L1,original,7.666666666666667,1.0,0.9,0.15215476536474085,droid_3way_selected150.json
DROID,1502,L1,llm_dual,7.666666666666667,1.0,0.9,0.1076022394361924,droid_3way_selected150.json
DROID,1502,L1,llm_val,7.666666666666667,1.0,1.0,0.1121886907725581,droid_3way_selected150.json
DROID,1630,L2,original,8.8,0.0,0.3,0.14272415589369108,droid_3way_selected150.json
DROID,1630,L2,llm_dual,8.8,0.0,0.4,0.12207265368715714,droid_3way_selected150.json
DROID,1630,L2,llm_val,8.8,0.0,0.4,0.1253585663073802,droid_3way_selected150.json
DROID,1015,L3,original,12.533333333333333,1.0,0.7,0.18851490845912125,droid_3way_selected150.json
DROID,1015,L3,llm_dual,12.533333333333333,1.0,0.7,0.08434678036475063,droid_3way_selected150.json
DROID,1015,L3,llm_val,12.533333333333333,1.0,0.7,0.07716802908376791,droid_3way_selected150.json
DROID,1840,L2,original,10.8,0.0,0.3,0.11762748721671623,droid_3way_selected150.json
DROID,1840,L2,llm_dual,10.8,1.0,0.7,0.10713833391274497,droid_3way_selected150.json
DROID,1840,L2,llm_val,10.8,0.0,0.4,0.11144592495193088,droid_3way_selected150.json
DROID,1179,L1,original,5.266666666666667,0.0,0.3,0.07822104237306776,droid_3way_selected150.json
DROID,1179,L1,llm_dual,5.266666666666667,0.0,0.3,0.10199754226361046,droid_3way_selected150.json
DROID,1179,L1,llm_val,5.266666666666667,0.0,0.4,0.08357656130334595,droid_3way_selected150.json
DROID,1712,L2,original,8.266666666666667,0.0,0.4,0.18690453894559522,droid_3way_selected150.json
DROID,1712,L2,llm_dual,8.266666666666667,0.0,0.3,0.09730913281622655,droid_3way_selected150.json
DROID,1712,L2,llm_val,8.266666666666667,0.0,0.4,0.10278796084389576,droid_3way_selected150.json
DROID,1784,L3,original,17.066666666666666,0.0,0.4,0.18597531668163936,droid_3way_selected150.json
DROID,1784,L3,llm_dual,17.066666666666666,0.0,0.3,0.1176245078983638,droid_3way_selected150.json
DROID,1784,L3,llm_val,17.066666666666666,0.0,0.4,0.1020963763062831,droid_3way_selected150.json
DROID,1258,L3,original,17.066666666666666,0.0,0.4,0.21484900429651657,droid_3way_selected150.json
DROID,1258,L3,llm_dual,17.066666666666666,0.0,0.4,0.1323876464855329,droid_3way_selected150.json
DROID,1258,L3,llm_val,17.066666666666666,0.0,0.4,0.1362165025934086,droid_3way_selected150.json
DROID,1580,L3,original,12.2,0.0,0.4,0.13705803910874406,droid_3way_selected150.json
DROID,1580,L3,llm_dual,12.2,1.0,0.7,0.09143864010179421,droid_3way_selected150.json
DROID,1580,L3,llm_val,12.2,0.0,0.4,0.060641765123837225,droid_3way_selected150.json
DROID,1700,L1,original,6.8,0.0,0.4,0.20408207014372107,droid_3way_selected150.json
DROID,1700,L1,llm_dual,6.8,1.0,0.7,0.1493157983401255,droid_3way_selected150.json
DROID,1700,L1,llm_val,6.8,0.0,0.4,0.13256979194653065,droid_3way_selected150.json
DROID,1433,L3,original,22.066666666666666,0.0,0.4,0.13100435390472695,droid_3way_selected150.json
DROID,1433,L3,llm_dual,22.066666666666666,0.0,0.4,0.08531099833246682,droid_3way_selected150.json
DROID,1433,L3,llm_val,22.066666666666666,0.0,0.4,0.07813413197903506,droid_3way_selected150.json
DROID,1687,L2,original,9.6,0.0,0.4,0.1394589551672978,droid_3way_selected150.json
DROID,1687,L2,llm_dual,9.6,0.0,0.0,0.13991073098381163,droid_3way_selected150.json
DROID,1687,L2,llm_val,9.6,0.0,0.4,0.08667967378973802,droid_3way_selected150.json
DROID,1499,L1,original,6.066666666666666,0.0,0.4,0.15401565678306905,droid_3way_selected150.json
DROID,1499,L1,llm_dual,6.066666666666666,0.0,0.4,0.0978462988562822,droid_3way_selected150.json
DROID,1499,L1,llm_val,6.066666666666666,0.0,0.4,0.1022572959201586,droid_3way_selected150.json
DROID,1374,L2,original,8.266666666666667,1.0,0.9,0.09832359874099039,droid_3way_selected150.json
DROID,1374,L2,llm_dual,8.266666666666667,1.0,0.9,0.06235229691121511,droid_3way_selected150.json
DROID,1374,L2,llm_val,8.266666666666667,1.0,0.9,0.05725733633980853,droid_3way_selected150.json
DROID,1151,L1,original,6.466666666666667,1.0,0.7,0.14499153994996858,droid_3way_selected150.json
DROID,1151,L1,llm_dual,6.466666666666667,1.0,0.7,0.11526611603407023,droid_3way_selected150.json
DROID,1151,L1,llm_val,6.466666666666667,1.0,0.7,0.10547918245098596,droid_3way_selected150.json
DROID,1241,L1,original,6.333333333333333,0.0,0.0,0.1456698322444204,droid_3way_selected150.json
DROID,1241,L1,llm_dual,6.333333333333333,0.0,0.0,0.06466458937369411,droid_3way_selected150.json
DROID,1241,L1,llm_val,6.333333333333333,0.0,0.3,0.07650867078357147,droid_3way_selected150.json
DROID,1176,L2,original,11.333333333333334,1.0,0.7,0.09004576261236563,droid_3way_selected150.json
DROID,1176,L2,llm_dual,11.333333333333334,1.0,0.8,0.07734279137613082,droid_3way_selected150.json
DROID,1176,L2,llm_val,11.333333333333334,1.0,0.7,0.057946455739205975,droid_3way_selected150.json
DROID,1440,L3,original,14.066666666666666,0.0,0.4,0.1148306379489994,droid_3way_selected150.json
DROID,1440,L3,llm_dual,14.066666666666666,0.0,0.0,0.13678504326705246,droid_3way_selected150.json
DROID,1440,L3,llm_val,14.066666666666666,0.0,0.4,0.08360628851622544,droid_3way_selected150.json
DROID,1906,L2,original,10.4,0.0,0.4,0.13435957655884878,droid_3way_selected150.json
DROID,1906,L2,llm_dual,10.4,0.0,0.4,0.1095809565476847,droid_3way_selected150.json
DROID,1906,L2,llm_val,10.4,0.0,0.4,0.10562958803845823,droid_3way_selected150.json
DROID,1729,L1,original,7.6,0.0,0.4,0.09705589714746694,droid_3way_selected150.json
DROID,1729,L1,llm_dual,7.6,0.0,0.2,0.10390290423378734,droid_3way_selected150.json
DROID,1729,L1,llm_val,7.6,0.0,0.4,0.06851793935603044,droid_3way_selected150.json
DROID,1838,L3,original,16.533333333333335,0.0,0.4,0.1015048639228258,droid_3way_selected150.json
DROID,1838,L3,llm_dual,16.533333333333335,1.0,0.7,0.06953325974651801,droid_3way_selected150.json
DROID,1838,L3,llm_val,16.533333333333335,0.0,0.4,0.07439528073878703,droid_3way_selected150.json
DROID,1346,L2,original,9.933333333333334,0.0,0.4,0.054524753502503236,droid_3way_selected150.json
DROID,1346,L2,llm_dual,9.933333333333334,1.0,0.7,0.04419285743226655,droid_3way_selected150.json
DROID,1346,L2,llm_val,9.933333333333334,0.0,0.4,0.03087521812126932,droid_3way_selected150.json
DROID,1513,L3,original,13.733333333333333,0.0,0.0,0.08282653172094602,droid_3way_selected150.json
DROID,1513,L3,llm_dual,13.733333333333333,0.0,0.0,0.052974223989489866,droid_3way_selected150.json
DROID,1513,L3,llm_val,13.733333333333333,0.0,0.0,0.059988764496637315,droid_3way_selected150.json
DROID,1412,L3,original,16.733333333333334,1.0,0.8,0.10737759446727298,droid_3way_selected150.json
DROID,1412,L3,llm_dual,16.733333333333334,1.0,0.7,0.08344403606949473,droid_3way_selected150.json
DROID,1412,L3,llm_val,16.733333333333334,1.0,0.8,0.08457246485350307,droid_3way_selected150.json
DROID,1743,L2,original,11.533333333333333,0.0,0.4,0.12279789470590312,droid_3way_selected150.json
DROID,1743,L2,llm_dual,11.533333333333333,0.0,0.4,0.141809957412281,droid_3way_selected150.json
DROID,1743,L2,llm_val,11.533333333333333,0.0,0.4,0.10482009070436171,droid_3way_selected150.json
DROID,1137,L1,original,5.6,0.0,0.4,0.07302586529181349,droid_3way_selected150.json
DROID,1137,L1,llm_dual,5.6,0.0,0.4,0.06092440020931611,droid_3way_selected150.json
DROID,1137,L1,llm_val,5.6,0.0,0.4,0.055514509079553555,droid_3way_selected150.json
DROID,1247,L1,original,6.0,1.0,0.7,0.07483523138839855,droid_3way_selected150.json
DROID,1247,L1,llm_dual,6.0,1.0,0.7,0.10775835649240907,droid_3way_selected150.json
DROID,1247,L1,llm_val,6.0,1.0,0.7,0.06066477443891968,droid_3way_selected150.json
DROID,1082,L1,original,8.0,1.0,0.7,0.0893349987771375,droid_3way_selected150.json
DROID,1082,L1,llm_dual,8.0,1.0,0.7,0.06627732091832117,droid_3way_selected150.json
DROID,1082,L1,llm_val,8.0,1.0,0.7,0.07527712132585887,droid_3way_selected150.json
DROID,1643,L2,original,8.466666666666667,0.0,0.4,0.11024506295892167,droid_3way_selected150.json
DROID,1643,L2,llm_dual,8.466666666666667,0.0,0.3,0.07949225393853929,droid_3way_selected150.json
DROID,1643,L2,llm_val,8.466666666666667,0.0,0.4,0.09821108037009348,droid_3way_selected150.json
DROID,1890,L1,original,4.466666666666667,0.0,0.4,0.08946152536564574,droid_3way_selected150.json
DROID,1890,L1,llm_dual,4.466666666666667,0.0,0.4,0.08985667720946951,droid_3way_selected150.json
DROID,1890,L1,llm_val,4.466666666666667,0.0,0.4,0.08120096898333151,droid_3way_selected150.json
DROID,1131,L1,original,4.6,1.0,0.7,0.1460139170069681,droid_3way_selected150.json
DROID,1131,L1,llm_dual,4.6,1.0,0.7,0.14951148072314954,droid_3way_selected150.json
DROID,1131,L1,llm_val,4.6,1.0,0.7,0.1419487823519565,droid_3way_selected150.json
DROID,1517,L3,original,12.066666666666666,1.0,0.7,0.11553667161170662,droid_3way_selected150.json
DROID,1517,L3,llm_dual,12.066666666666666,1.0,0.7,0.0981750551867193,droid_3way_selected150.json
DROID,1517,L3,llm_val,12.066666666666666,1.0,0.7,0.11232786243834876,droid_3way_selected150.json
DROID,1683,L2,original,9.066666666666666,0.0,0.4,0.055176085758116444,droid_3way_selected150.json
DROID,1683,L2,llm_dual,9.066666666666666,0.0,0.4,0.053699960519665246,droid_3way_selected150.json
DROID,1683,L2,llm_val,9.066666666666666,0.0,0.4,0.053699960519665246,droid_3way_selected150.json
DROID,1013,L2,original,11.466666666666667,0.0,0.0,0.10412812111122483,droid_3way_selected150.json
DROID,1013,L2,llm_dual,11.466666666666667,1.0,0.7,0.08495836892082237,droid_3way_selected150.json
DROID,1013,L2,llm_val,11.466666666666667,0.0,0.3,0.07366878154530636,droid_3way_selected150.json
DROID,1170,L1,original,5.933333333333334,0.0,0.4,0.11085673530751124,droid_3way_selected150.json
DROID,1170,L1,llm_dual,5.933333333333334,0.0,0.4,0.12165769326772381,droid_3way_selected150.json
DROID,1170,L1,llm_val,5.933333333333334,0.0,0.4,0.11597064035279962,droid_3way_selected150.json
DROID,1888,L2,original,10.0,1.0,0.7,0.10635673907860506,droid_3way_selected150.json
DROID,1888,L2,llm_dual,10.0,1.0,1.0,0.08353572075776057,droid_3way_selected150.json
DROID,1888,L2,llm_val,10.0,1.0,1.0,0.08325597463768201,droid_3way_selected150.json
DROID,1129,L2,original,10.733333333333333,0.0,0.4,0.17284212179001823,droid_3way_selected150.json
DROID,1129,L2,llm_dual,10.733333333333333,0.0,0.4,0.14376660334562646,droid_3way_selected150.json
DROID,1129,L2,llm_val,10.733333333333333,0.0,0.4,0.18371612628657322,droid_3way_selected150.json
DROID,1538,L1,original,5.133333333333334,0.0,0.4,0.07896972148935538,droid_3way_selected150.json
DROID,1538,L1,llm_dual,5.133333333333334,0.0,0.4,0.09878267150407898,droid_3way_selected150.json
DROID,1538,L1,llm_val,5.133333333333334,0.0,0.4,0.09134148818220443,droid_3way_selected150.json
DROID,1882,L3,original,15.466666666666667,0.0,0.4,0.15750953548367622,droid_3way_selected150.json
DROID,1882,L3,llm_dual,15.466666666666667,0.0,0.4,0.097147073368639,droid_3way_selected150.json
DROID,1882,L3,llm_val,15.466666666666667,0.0,0.3,0.07466512977980573,droid_3way_selected150.json
DROID,1939,L3,original,18.8,1.0,0.4,0.11650492198788304,droid_3way_selected150.json
DROID,1939,L3,llm_dual,18.8,1.0,0.7,0.10715246039192777,droid_3way_selected150.json
DROID,1939,L3,llm_val,18.8,1.0,0.7,0.10715246039192777,droid_3way_selected150.json
DROID,1474,L3,original,28.533333333333335,0.0,0.4,0.11370944830536674,droid_3way_selected150.json
DROID,1474,L3,llm_dual,28.533333333333335,0.0,0.4,0.07915390457940553,droid_3way_selected150.json
DROID,1474,L3,llm_val,28.533333333333335,0.0,0.3,0.07114183112149589,droid_3way_selected150.json
DROID,1452,L2,original,10.133333333333333,0.0,0.4,0.11381512497149492,droid_3way_selected150.json
DROID,1452,L2,llm_dual,10.133333333333333,1.0,0.7,0.1065832204416554,droid_3way_selected150.json
DROID,1452,L2,llm_val,10.133333333333333,0.0,0.3,0.10222119342369292,droid_3way_selected150.json
DROID,1407,L1,original,6.6,0.0,0.4,0.06826948168275176,droid_3way_selected150.json
DROID,1407,L1,llm_dual,6.6,0.0,0.0,0.04920281998404908,droid_3way_selected150.json
DROID,1407,L1,llm_val,6.6,0.0,0.3,0.059101927580780166,droid_3way_selected150.json
DROID,1027,L2,original,10.666666666666666,0.0,0.4,0.06724129195503639,droid_3way_selected150.json
DROID,1027,L2,llm_dual,10.666666666666666,0.0,0.3,0.07175136199830691,droid_3way_selected150.json
DROID,1027,L2,llm_val,10.666666666666666,0.0,0.3,0.07166540531660305,droid_3way_selected150.json
DROID,1870,L3,original,13.866666666666667,0.0,0.3,0.38986674372275454,droid_3way_selected150.json
DROID,1870,L3,llm_dual,13.866666666666667,0.0,0.4,0.19042251863954326,droid_3way_selected150.json
DROID,1870,L3,llm_val,13.866666666666667,0.0,0.4,0.2715556126369263,droid_3way_selected150.json
DROID,1790,L2,original,9.6,1.0,0.7,0.10611095042079673,droid_3way_selected150.json
DROID,1790,L2,llm_dual,9.6,1.0,0.9,0.09501466731977255,droid_3way_selected150.json
DROID,1790,L2,llm_val,9.6,1.0,0.9,0.10463280333293508,droid_3way_selected150.json
DROID,1028,L3,original,16.2,0.0,0.3,0.2324948686751922,droid_3way_selected150.json
DROID,1028,L3,llm_dual,16.2,0.0,0.4,0.13330408046130396,droid_3way_selected150.json
DROID,1028,L3,llm_val,16.2,0.0,0.4,0.14554169324729968,droid_3way_selected150.json
DROID,1692,L1,original,7.133333333333334,1.0,0.7,0.08935912881938524,droid_3way_selected150.json
DROID,1692,L1,llm_dual,7.133333333333334,1.0,0.9,0.10007812246428766,droid_3way_selected150.json
DROID,1692,L1,llm_val,7.133333333333334,1.0,0.9,0.1092666722921246,droid_3way_selected150.json
DROID,1601,L1,original,6.733333333333333,1.0,0.7,0.07032657073841468,droid_3way_selected150.json
DROID,1601,L1,llm_dual,6.733333333333333,1.0,0.9,0.0919426422017892,droid_3way_selected150.json
DROID,1601,L1,llm_val,6.733333333333333,1.0,0.9,0.0919426422017892,droid_3way_selected150.json
DROID,1750,L3,original,15.8,0.0,0.3,0.15646276048355798,droid_3way_selected150.json
DROID,1750,L3,llm_dual,15.8,0.0,0.4,0.08976010728111374,droid_3way_selected150.json
DROID,1750,L3,llm_val,15.8,0.0,0.4,0.0945723704019021,droid_3way_selected150.json
DROID,1102,L3,original,15.8,0.0,0.3,0.14016824483385423,droid_3way_selected150.json
DROID,1102,L3,llm_dual,15.8,0.0,0.4,0.0828678857234544,droid_3way_selected150.json
DROID,1102,L3,llm_val,15.8,0.0,0.4,0.08518256352628954,droid_3way_selected150.json
DROID,1108,L2,original,11.066666666666666,0.0,0.3,0.14811891928516074,droid_3way_selected150.json
DROID,1108,L2,llm_dual,11.066666666666666,0.0,0.4,0.12220772301508583,droid_3way_selected150.json
DROID,1108,L2,llm_val,11.066666666666666,0.0,0.4,0.09814678207927181,droid_3way_selected150.json
DROID,1772,L1,original,7.066666666666666,0.0,0.3,0.1465481398780967,droid_3way_selected150.json
DROID,1772,L1,llm_dual,7.066666666666666,0.0,0.3,0.12111610662308807,droid_3way_selected150.json
DROID,1772,L1,llm_val,7.066666666666666,0.0,0.4,0.11037716152686468,droid_3way_selected150.json
DROID,1185,L3,original,15.466666666666667,1.0,0.9,0.050553875711809526,droid_3way_selected150.json
DROID,1185,L3,llm_dual,15.466666666666667,0.0,0.4,0.04099631429534873,droid_3way_selected150.json
DROID,1185,L3,llm_val,15.466666666666667,1.0,0.7,0.048381915369211874,droid_3way_selected150.json
DROID,1591,L2,original,8.533333333333333,0.0,0.3,0.20706527966952218,droid_3way_selected150.json
DROID,1591,L2,llm_dual,8.533333333333333,0.0,0.4,0.16103480483031096,droid_3way_selected150.json
DROID,1591,L2,llm_val,8.533333333333333,0.0,0.4,0.17652159457221658,droid_3way_selected150.json
DROID,1545,L3,original,12.466666666666667,1.0,0.7,0.08476237116539458,droid_3way_selected150.json
DROID,1545,L3,llm_dual,12.466666666666667,0.0,0.4,0.07163222204744245,droid_3way_selected150.json
DROID,1545,L3,llm_val,12.466666666666667,1.0,0.8,0.06359787861901255,droid_3way_selected150.json
DROID,1510,L2,original,8.866666666666667,1.0,0.7,0.10329765517336376,droid_3way_selected150.json
DROID,1510,L2,llm_dual,8.866666666666667,0.0,0.3,0.12974838247401274,droid_3way_selected150.json
DROID,1510,L2,llm_val,8.866666666666667,1.0,0.8,0.08774377547508977,droid_3way_selected150.json
DROID,1127,L2,original,8.333333333333334,0.0,0.3,0.07732096879249736,droid_3way_selected150.json
DROID,1127,L2,llm_dual,8.333333333333334,0.0,0.4,0.06553063025075534,droid_3way_selected150.json
DROID,1127,L2,llm_val,8.333333333333334,0.0,0.4,0.07001600469711942,droid_3way_selected150.json
DROID,1727,L1,original,5.133333333333334,1.0,0.7,0.06322112738963655,droid_3way_selected150.json
DROID,1727,L1,llm_dual,5.133333333333334,0.0,0.4,0.07469942633084452,droid_3way_selected150.json
DROID,1727,L1,llm_val,5.133333333333334,1.0,0.8,0.07573594354751885,droid_3way_selected150.json
DROID,1066,L3,original,12.066666666666666,0.0,0.4,0.2074222928805948,droid_3way_selected150.json
DROID,1066,L3,llm_dual,12.066666666666666,0.0,0.4,0.2226554865750224,droid_3way_selected150.json
DROID,1066,L3,llm_val,12.066666666666666,0.0,0.4,0.12080011872089269,droid_3way_selected150.json
DROID,1917,L2,original,10.933333333333334,0.0,0.3,0.14340293698237364,droid_3way_selected150.json
DROID,1917,L2,llm_dual,10.933333333333334,0.0,0.0,0.17649965752561866,droid_3way_selected150.json
DROID,1917,L2,llm_val,10.933333333333334,0.0,0.4,0.1602525991281695,droid_3way_selected150.json
DROID,1719,L2,original,10.533333333333333,0.0,0.4,0.22703129350700232,droid_3way_selected150.json
DROID,1719,L2,llm_dual,10.533333333333333,0.0,0.4,0.17574325551142414,droid_3way_selected150.json
DROID,1719,L2,llm_val,10.533333333333333,0.0,0.4,0.14550989985056847,droid_3way_selected150.json
DROID,1310,L3,original,16.733333333333334,1.0,0.7,0.2501469637739795,droid_3way_selected150.json
DROID,1310,L3,llm_dual,16.733333333333334,1.0,0.9,0.2576730342096085,droid_3way_selected150.json
DROID,1310,L3,llm_val,16.733333333333334,1.0,0.7,0.17082165679389047,droid_3way_selected150.json
DROID,1530,L1,original,7.6,1.0,0.8,0.12201270001207472,droid_3way_selected150.json
DROID,1530,L1,llm_dual,7.6,1.0,0.9,0.14544369946247498,droid_3way_selected150.json
DROID,1530,L1,llm_val,7.6,1.0,0.9,0.14589861266925286,droid_3way_selected150.json
DROID,1245,L1,original,8.2,1.0,0.9,0.16461010823901598,droid_3way_selected150.json
DROID,1245,L1,llm_dual,8.2,0.0,0.4,0.07722033335144622,droid_3way_selected150.json
DROID,1245,L1,llm_val,8.2,1.0,0.9,0.08852650364478983,droid_3way_selected150.json
DROID,1989,L2,original,10.6,0.0,0.4,0.14263811560743497,droid_3way_selected150.json
DROID,1989,L2,llm_dual,10.6,0.0,0.3,0.07860073277340246,droid_3way_selected150.json
DROID,1989,L2,llm_val,10.6,0.0,0.4,0.07822154183313408,droid_3way_selected150.json
DROID,1788,L3,original,17.466666666666665,0.0,0.4,0.2661614876741471,droid_3way_selected150.json
DROID,1788,L3,llm_dual,17.466666666666665,0.0,0.4,0.20273285153559503,droid_3way_selected150.json
DROID,1788,L3,llm_val,17.466666666666665,0.0,0.4,0.2027363799516093,droid_3way_selected150.json
DROID,1400,L2,original,9.0,0.0,0.4,0.15742493013665704,droid_3way_selected150.json
DROID,1400,L2,llm_dual,9.0,0.0,0.3,0.08206962980311593,droid_3way_selected150.json
DROID,1400,L2,llm_val,9.0,0.0,0.4,0.09918518084122296,droid_3way_selected150.json
DROID,1571,L2,original,11.666666666666666,0.0,0.4,0.15399920775048612,droid_3way_selected150.json
DROID,1571,L2,llm_dual,11.666666666666666,0.0,0.4,0.09957798477033501,droid_3way_selected150.json
DROID,1571,L2,llm_val,11.666666666666666,0.0,0.4,0.09895740782154117,droid_3way_selected150.json
DROID,1340,L1,original,7.666666666666667,0.0,0.4,0.11728312894546274,droid_3way_selected150.json
DROID,1340,L1,llm_dual,7.666666666666667,1.0,0.4,0.07230677917045202,droid_3way_selected150.json
DROID,1340,L1,llm_val,7.666666666666667,0.0,0.4,0.07425879670730227,droid_3way_selected150.json
DROID,1749,L1,original,7.666666666666667,0.0,0.4,0.16516270952694112,droid_3way_selected150.json
DROID,1749,L1,llm_dual,7.666666666666667,0.0,0.4,0.12338883158150393,droid_3way_selected150.json
DROID,1749,L1,llm_val,7.666666666666667,0.0,0.4,0.12251638764800081,droid_3way_selected150.json
DROID,1356,L1,original,6.533333333333333,1.0,0.9,0.1234093444875373,droid_3way_selected150.json
DROID,1356,L1,llm_dual,6.533333333333333,1.0,0.9,0.07930095314240869,droid_3way_selected150.json
DROID,1356,L1,llm_val,6.533333333333333,1.0,0.9,0.0825054628595394,droid_3way_selected150.json
DROID,1714,L2,original,10.8,0.0,0.4,0.10116610791914926,droid_3way_selected150.json
DROID,1714,L2,llm_dual,10.8,0.0,0.4,0.0718434894051716,droid_3way_selected150.json
DROID,1714,L2,llm_val,10.8,0.0,0.4,0.060554035388757754,droid_3way_selected150.json
DROID,1041,L3,original,13.866666666666667,1.0,0.7,0.0852906787386735,droid_3way_selected150.json
DROID,1041,L3,llm_dual,13.866666666666667,0.0,0.4,0.05303812949498208,droid_3way_selected150.json
DROID,1041,L3,llm_val,13.866666666666667,1.0,0.7,0.05019234314039785,droid_3way_selected150.json
DROID,1249,L1,original,4.266666666666667,0.0,0.4,0.09345694221845889,droid_3way_selected150.json
DROID,1249,L1,llm_dual,4.266666666666667,0.0,0.4,0.07825326435661616,droid_3way_selected150.json
DROID,1249,L1,llm_val,4.266666666666667,0.0,0.4,0.060191864325605894,droid_3way_selected150.json
DROID,1877,L1,original,7.933333333333334,0.0,0.4,0.17020328994375586,droid_3way_selected150.json
DROID,1877,L1,llm_dual,7.933333333333334,0.0,0.4,0.13569407758636973,droid_3way_selected150.json
DROID,1877,L1,llm_val,7.933333333333334,0.0,0.4,0.1379463465206279,droid_3way_selected150.json
DROID,1023,L1,original,8.2,0.0,0.3,0.17875688986306368,droid_3way_selected150.json
DROID,1023,L1,llm_dual,8.2,0.0,0.3,0.1463552298192565,droid_3way_selected150.json
DROID,1023,L1,llm_val,8.2,0.0,0.3,0.14828292140753496,droid_3way_selected150.json
DROID,1324,L3,original,17.266666666666666,0.0,0.4,0.1170902403377192,droid_3way_selected150.json
DROID,1324,L3,llm_dual,17.266666666666666,1.0,0.7,0.09847818283434866,droid_3way_selected150.json
DROID,1324,L3,llm_val,17.266666666666666,0.0,0.4,0.08674160018387063,droid_3way_selected150.json
DROID,1730,L2,original,11.666666666666666,0.0,0.4,0.1860508371354795,droid_3way_selected150.json
DROID,1730,L2,llm_dual,11.666666666666666,0.0,0.3,0.1562008844130824,droid_3way_selected150.json
DROID,1730,L2,llm_val,11.666666666666666,0.0,0.4,0.15930801545172166,droid_3way_selected150.json
DROID,1232,L1,original,7.933333333333334,0.0,0.4,0.2029175192158377,droid_3way_selected150.json
DROID,1232,L1,llm_dual,7.933333333333334,0.0,0.3,0.15517260147753636,droid_3way_selected150.json
DROID,1232,L1,llm_val,7.933333333333334,0.0,0.4,0.1783479173029646,droid_3way_selected150.json
DROID,1937,L1,original,6.933333333333334,0.0,0.4,0.13545454012055771,droid_3way_selected150.json
DROID,1937,L1,llm_dual,6.933333333333334,1.0,0.8,0.09319338723134124,droid_3way_selected150.json
DROID,1937,L1,llm_val,6.933333333333334,0.0,0.4,0.11493569962779353,droid_3way_selected150.json
DROID,1588,L1,original,7.666666666666667,0.0,0.4,0.11163424063818299,droid_3way_selected150.json
DROID,1588,L1,llm_dual,7.666666666666667,0.0,0.4,0.07431049297134235,droid_3way_selected150.json
DROID,1588,L1,llm_val,7.666666666666667,0.0,0.4,0.09216083887846299,droid_3way_selected150.json
DROID,1218,L1,original,8.133333333333333,0.0,0.4,0.1487057363639821,droid_3way_selected150.json
DROID,1218,L1,llm_dual,8.133333333333333,0.0,0.4,0.08045849382599059,droid_3way_selected150.json
DROID,1218,L1,llm_val,8.133333333333333,0.0,0.4,0.13001665535970053,droid_3way_selected150.json
DROID,1759,L2,original,9.2,1.0,0.7,0.05581044455960995,droid_3way_selected150.json
DROID,1759,L2,llm_dual,9.2,1.0,0.7,0.04022176208803727,droid_3way_selected150.json
DROID,1759,L2,llm_val,9.2,1.0,0.7,0.037273101795363826,droid_3way_selected150.json
DROID,1133,L2,original,10.866666666666667,0.0,0.4,0.09573539271830193,droid_3way_selected150.json
DROID,1133,L2,llm_dual,10.866666666666667,0.0,0.4,0.09001353890525081,droid_3way_selected150.json
DROID,1133,L2,llm_val,10.866666666666667,0.0,0.4,0.07833745634420368,droid_3way_selected150.json
DROID,1390,L1,original,3.2,0.0,0.4,0.20511881525008868,droid_3way_selected150.json
DROID,1390,L1,llm_dual,3.2,0.0,0.3,0.1824484534220797,droid_3way_selected150.json
DROID,1390,L1,llm_val,3.2,0.0,0.4,0.18849473143926268,droid_3way_selected150.json
DROID,1651,L1,original,5.533333333333333,0.0,0.4,0.09670819726063007,droid_3way_selected150.json
DROID,1651,L1,llm_dual,5.533333333333333,1.0,0.7,0.1330575042744575,droid_3way_selected150.json
DROID,1651,L1,llm_val,5.533333333333333,0.0,0.4,0.08069778488390056,droid_3way_selected150.json
DROID,1824,L3,original,14.6,0.0,0.4,0.12153607891058027,droid_3way_selected150.json
DROID,1824,L3,llm_dual,14.6,0.0,0.3,0.09710820506383462,droid_3way_selected150.json
DROID,1824,L3,llm_val,14.6,0.0,0.4,0.1063655257753315,droid_3way_selected150.json
DROID,1817,L2,original,10.533333333333333,0.0,0.4,0.12843276016934424,droid_3way_selected150.json
DROID,1817,L2,llm_dual,10.533333333333333,0.0,0.4,0.11322370787514624,droid_3way_selected150.json
DROID,1817,L2,llm_val,10.533333333333333,0.0,0.4,0.11334861601519819,droid_3way_selected150.json
DROID,1858,L3,original,12.266666666666667,0.0,0.4,0.09206740847871177,droid_3way_selected150.json
DROID,1858,L3,llm_dual,12.266666666666667,0.0,0.4,0.07880696854577358,droid_3way_selected150.json
DROID,1858,L3,llm_val,12.266666666666667,0.0,0.4,0.07880696854577358,droid_3way_selected150.json
DROID,1512,L3,original,13.133333333333333,0.0,0.4,0.09892073083505075,droid_3way_selected150.json
DROID,1512,L3,llm_dual,13.133333333333333,0.0,0.4,0.06405170319805974,droid_3way_selected150.json
DROID,1512,L3,llm_val,13.133333333333333,0.0,0.4,0.08571572474603938,droid_3way_selected150.json
DROID,1710,L1,original,5.933333333333334,1.0,0.7,0.10551327383903801,droid_3way_selected150.json
DROID,1710,L1,llm_dual,5.933333333333334,1.0,0.7,0.09012446343574505,droid_3way_selected150.json
DROID,1710,L1,llm_val,5.933333333333334,1.0,0.7,0.09248940143592908,droid_3way_selected150.json
DROID,1236,L1,original,4.933333333333334,1.0,0.8,0.07458407949696932,droid_3way_selected150.json
DROID,1236,L1,llm_dual,4.933333333333334,1.0,0.7,0.06639050048963364,droid_3way_selected150.json
DROID,1236,L1,llm_val,4.933333333333334,1.0,0.8,0.06270956394935068,droid_3way_selected150.json
DROID,1641,L3,original,16.466666666666665,0.0,0.4,0.05741363732641654,droid_3way_selected150.json
DROID,1641,L3,llm_dual,16.466666666666665,0.0,0.4,0.05848052497224878,droid_3way_selected150.json
DROID,1641,L3,llm_val,16.466666666666665,0.0,0.4,0.047818671614290646,droid_3way_selected150.json
DROID,1376,L2,original,11.533333333333333,1.0,0.7,0.07795725927802039,droid_3way_selected150.json
DROID,1376,L2,llm_dual,11.533333333333333,0.0,0.4,0.0892727482249412,droid_3way_selected150.json
DROID,1376,L2,llm_val,11.533333333333333,1.0,0.7,0.0697612223008978,droid_3way_selected150.json
DROID,1043,L1,original,8.0,0.0,0.4,0.1483704569391958,droid_3way_selected150.json
DROID,1043,L1,llm_dual,8.0,0.0,0.3,0.16788768827985515,droid_3way_selected150.json
DROID,1043,L1,llm_val,8.0,0.0,0.4,0.14241757588898654,droid_3way_selected150.json
DROID,1945,L3,original,12.533333333333333,0.0,0.4,0.1135205930578211,droid_3way_selected150.json
DROID,1945,L3,llm_dual,12.533333333333333,0.0,0.4,0.11394572542294873,droid_3way_selected150.json
DROID,1945,L3,llm_val,12.533333333333333,0.0,0.4,0.10807482944132714,droid_3way_selected150.json
DROID,1613,L2,original,11.733333333333333,1.0,0.8,0.2478911959049359,droid_3way_selected150.json
DROID,1613,L2,llm_dual,11.733333333333333,1.0,0.8,0.26304212464061777,droid_3way_selected150.json
DROID,1613,L2,llm_val,11.733333333333333,1.0,0.8,0.24263662866889515,droid_3way_selected150.json
DROID,1885,L3,original,12.2,0.0,0.4,0.06923906866112735,droid_3way_selected150.json
DROID,1885,L3,llm_dual,12.2,0.0,0.4,0.06646327186979706,droid_3way_selected150.json
DROID,1885,L3,llm_val,12.2,0.0,0.4,0.06435056319135973,droid_3way_selected150.json
DROID,1891,L1,original,6.866666666666666,1.0,0.7,0.10202580794493227,droid_3way_selected150.json
DROID,1891,L1,llm_dual,6.866666666666666,1.0,0.7,0.094542014403259,droid_3way_selected150.json
DROID,1891,L1,llm_val,6.866666666666666,1.0,0.7,0.0976758260099922,droid_3way_selected150.json
DROID,1566,L2,original,8.866666666666667,0.0,0.4,0.16141266829450107,droid_3way_selected150.json
DROID,1566,L2,llm_dual,8.866666666666667,0.0,0.3,0.12594561268791063,droid_3way_selected150.json
DROID,1566,L2,llm_val,8.866666666666667,0.0,0.4,0.15785796241952688,droid_3way_selected150.json
DROID,1599,L3,original,23.866666666666667,0.0,0.4,0.17053111297877258,droid_3way_selected150.json
DROID,1599,L3,llm_dual,23.866666666666667,0.0,0.0,0.1766224313159692,droid_3way_selected150.json
DROID,1599,L3,llm_val,23.866666666666667,0.0,0.4,0.16742912625284231,droid_3way_selected150.json
DROID,1854,L1,original,6.6,1.0,0.7,0.09295100197633742,droid_3way_selected150.json
DROID,1854,L1,llm_dual,6.6,1.0,0.7,0.09517293476010151,droid_3way_selected150.json
DROID,1854,L1,llm_val,6.6,1.0,0.7,0.08994546966942919,droid_3way_selected150.json
DROID,1724,L1,original,5.333333333333333,0.0,0.4,0.11384940659536745,droid_3way_selected150.json
DROID,1724,L1,llm_dual,5.333333333333333,1.0,0.7,0.11875072684863641,droid_3way_selected150.json
DROID,1724,L1,llm_val,5.333333333333333,0.0,0.4,0.11139175653696755,droid_3way_selected150.json
DROID,1078,L3,original,14.933333333333334,0.0,0.4,0.11425991522752299,droid_3way_selected150.json
DROID,1078,L3,llm_dual,14.933333333333334,0.0,0.4,0.11026606512332915,droid_3way_selected150.json
DROID,1078,L3,llm_val,14.933333333333334,0.0,0.4,0.11198560007091751,droid_3way_selected150.json
DROID,1424,L2,original,8.933333333333334,0.0,0.4,0.0405305576945146,droid_3way_selected150.json
DROID,1424,L2,llm_dual,8.933333333333334,0.0,0.4,0.054930613365629925,droid_3way_selected150.json
DROID,1424,L2,llm_val,8.933333333333334,0.0,0.4,0.04086925895215771,droid_3way_selected150.json
DROID,1872,L3,original,11.8,0.0,0.4,0.05368135727571425,droid_3way_selected150.json
DROID,1872,L3,llm_dual,11.8,1.0,0.7,0.05568862086921467,droid_3way_selected150.json
DROID,1872,L3,llm_val,11.8,0.0,0.4,0.05425109826308946,droid_3way_selected150.json
DROID,1709,L2,original,10.8,0.0,0.4,0.1102743620679335,droid_3way_selected150.json
DROID,1709,L2,llm_dual,10.8,0.0,0.4,0.10954603471974972,droid_3way_selected150.json
DROID,1709,L2,llm_val,10.8,0.0,0.4,0.11126750097374379,droid_3way_selected150.json
DROID,1514,L3,original,12.0,0.0,0.4,0.07378527109443374,droid_3way_selected150.json
DROID,1514,L3,llm_dual,12.0,0.0,0.4,0.07707484401258516,droid_3way_selected150.json
DROID,1514,L3,llm_val,12.0,0.0,0.4,0.07529716107624791,droid_3way_selected150.json
DROID,1428,L2,original,9.733333333333333,0.0,0.4,0.08425152368475937,droid_3way_selected150.json
DROID,1428,L2,llm_dual,9.733333333333333,0.0,0.4,0.08166573187599897,droid_3way_selected150.json
DROID,1428,L2,llm_val,9.733333333333333,0.0,0.4,0.08588429816060272,droid_3way_selected150.json
DROID,1250,L2,original,9.666666666666666,1.0,0.7,0.09575149485946706,droid_3way_selected150.json
DROID,1250,L2,llm_dual,9.666666666666666,1.0,0.7,0.13404382163997997,droid_3way_selected150.json
DROID,1250,L2,llm_val,9.666666666666666,1.0,0.7,0.09865334161282523,droid_3way_selected150.json
AgiBot,12093685,L1,original,14.300000745,0.0,0.4,0.06485922634601593,Agi_DualBetter_L1_50_results.json
AgiBot,12093685,L1,llm_dual,14.300000745,1.0,0.8,0.049606421341498695,Agi_DualBetter_L1_50_results.json
AgiBot,12093284,L1,original,14.366667415,0.0,0.3,0.062199946492910385,Agi_DualBetter_L1_50_results.json
AgiBot,12093284,L1,llm_dual,14.366667415,0.0,0.4,0.07015708709756534,Agi_DualBetter_L1_50_results.json
AgiBot,12093687,L1,original,15.716667486,0.0,0.3,0.0880972867210706,Agi_DualBetter_L1_50_results.json
AgiBot,12093687,L1,llm_dual,15.716667486,0.0,0.4,0.07285556693871816,Agi_DualBetter_L1_50_results.json
AgiBot,12093263,L1,original,15.900000829,0.0,0.4,0.08279736091693242,Agi_DualBetter_L1_50_results.json
AgiBot,12093263,L1,llm_dual,15.900000829,1.0,0.6,0.049160571147998176,Agi_DualBetter_L1_50_results.json
AgiBot,12093359,L1,original,16.166667509,0.0,0.3,0.06074738875031471,Agi_DualBetter_L1_50_results.json
AgiBot,12093359,L1,llm_dual,16.166667509,0.0,0.4,0.04955132802327474,Agi_DualBetter_L1_50_results.json
AgiBot,12093365,L1,original,16.316667517,0.0,0.3,0.06055873384078344,Agi_DualBetter_L1_50_results.json
AgiBot,12093365,L1,llm_dual,16.316667517,0.0,0.4,0.06905021518468857,Agi_DualBetter_L1_50_results.json
AgiBot,12093912,L1,original,16.350000852,0.0,0.3,0.06911965707937877,Agi_DualBetter_L1_50_results.json
AgiBot,12093912,L1,llm_dual,16.350000852,0.0,0.4,0.0712537815173467,Agi_DualBetter_L1_50_results.json
AgiBot,12093035,L1,original,16.416667522,0.0,0.4,0.07333821803331375,Agi_DualBetter_L1_50_results.json
AgiBot,12093035,L1,llm_dual,16.416667522,1.0,0.7,0.05691321939229965,Agi_DualBetter_L1_50_results.json
AgiBot,12093633,L1,original,16.716667538,0.0,0.4,0.07667606075604756,Agi_DualBetter_L1_50_results.json
AgiBot,12093633,L1,llm_dual,16.716667538,1.0,0.6,0.06506731609503429,Agi_DualBetter_L1_50_results.json
AgiBot,12093549,L1,original,16.783334208,0.0,0.3,0.06357931718230247,Agi_DualBetter_L1_50_results.json
AgiBot,12093549,L1,llm_dual,16.783334208,1.0,0.7,0.06759135673443477,Agi_DualBetter_L1_50_results.json
AgiBot,12093596,L1,original,16.800000876,0.0,0.2,0.06864676003654797,Agi_DualBetter_L1_50_results.json
AgiBot,12093596,L1,llm_dual,16.800000876,0.0,0.4,0.04734742144743601,Agi_DualBetter_L1_50_results.json
AgiBot,12093695,L1,original,16.916667548,1.0,0.7,0.07227333262562752,Agi_DualBetter_L1_50_results.json
AgiBot,12093695,L1,llm_dual,16.916667548,1.0,0.7,0.06477724947035313,Agi_DualBetter_L1_50_results.json
AgiBot,12093741,L1,original,16.916667548,0.0,0.0,0.05927041297157606,Agi_DualBetter_L1_50_results.json
AgiBot,12093741,L1,llm_dual,16.916667548,0.0,0.4,0.05191612740357717,Agi_DualBetter_L1_50_results.json
AgiBot,12093492,L1,original,17.016667554,0.0,0.4,0.07461688543359439,Agi_DualBetter_L1_50_results.json
AgiBot,12093492,L1,llm_dual,17.016667554,1.0,0.7,0.052483427027861275,Agi_DualBetter_L1_50_results.json
AgiBot,12093350,L1,original,17.500000912,0.0,0.3,0.08347586542367935,Agi_DualBetter_L1_50_results.json
AgiBot,12093350,L1,llm_dual,17.500000912,0.0,0.4,0.07160051042834918,Agi_DualBetter_L1_50_results.json
AgiBot,12094096,L1,original,17.65000092,1.0,0.6,0.06054355328281721,Agi_DualBetter_L1_50_results.json
AgiBot,12094096,L1,llm_dual,17.65000092,1.0,0.7,0.0557388961315155,Agi_DualBetter_L1_50_results.json
AgiBot,12093734,L1,original,17.750000925,0.0,0.3,0.07412041227022807,Agi_DualBetter_L1_50_results.json
AgiBot,12093734,L1,llm_dual,17.750000925,0.0,0.4,0.0628266545633475,Agi_DualBetter_L1_50_results.json
AgiBot,12067349,L1,original,19.650001024,0.0,0.4,0.06567900503675143,Agi_DualBetter_L1_50_results.json
AgiBot,12067349,L1,llm_dual,19.650001024,1.0,0.7,0.07944545894861221,Agi_DualBetter_L1_50_results.json
AgiBot,12055885,L1,original,19.88333437,0.0,0.4,0.11689310520887375,Agi_DualBetter_L1_50_results.json
AgiBot,12055885,L1,llm_dual,19.88333437,0.0,0.4,0.0673888549208641,Agi_DualBetter_L1_50_results.json
AgiBot,12052353,L1,original,20.133334383,0.0,0.3,0.06675664708018303,Agi_DualBetter_L1_50_results.json
AgiBot,12052353,L1,llm_dual,20.133334383,0.0,0.4,0.06385971481601398,Agi_DualBetter_L1_50_results.json
AgiBot,12056212,L1,original,20.266667723,1.0,0.6,0.10126355787118275,Agi_DualBetter_L1_50_results.json
AgiBot,12056212,L1,llm_dual,20.266667723,1.0,0.9,0.07916242505113284,Agi_DualBetter_L1_50_results.json
AgiBot,12057227,L1,original,20.483334401,0.0,0.4,0.09561918800075848,Agi_DualBetter_L1_50_results.json
AgiBot,12057227,L1,llm_dual,20.483334401,0.0,0.4,0.06121424771845341,Agi_DualBetter_L1_50_results.json
AgiBot,12067237,L1,original,20.650001076,0.0,0.4,0.07673705493410428,Agi_DualBetter_L1_50_results.json
AgiBot,12067237,L1,llm_dual,20.650001076,1.0,0.6,0.06454602380593617,Agi_DualBetter_L1_50_results.json
AgiBot,12067313,L1,original,21.050001097,0.0,0.3,0.0742832322915395,Agi_DualBetter_L1_50_results.json
AgiBot,12067313,L1,llm_dual,21.050001097,0.0,0.4,0.05531404415766398,Agi_DualBetter_L1_50_results.json
AgiBot,12057172,L1,original,21.30000111,1.0,0.7,0.10808014372984569,Agi_DualBetter_L1_50_results.json
AgiBot,12057172,L1,llm_dual,21.30000111,1.0,0.7,0.05040039370457331,Agi_DualBetter_L1_50_results.json
AgiBot,12067252,L1,original,22.016667814,0.0,0.4,0.08838100731372833,Agi_DualBetter_L1_50_results.json
AgiBot,12067252,L1,llm_dual,22.016667814,0.0,0.4,0.06686584278941154,Agi_DualBetter_L1_50_results.json
AgiBot,12067294,L1,original,22.583334511,0.0,0.4,0.07966739684343338,Agi_DualBetter_L1_50_results.json
AgiBot,12067294,L1,llm_dual,22.583334511,1.0,0.7,0.049223298827807106,Agi_DualBetter_L1_50_results.json
AgiBot,12052552,L1,original,22.650001181,1.0,0.7,0.07923404375712077,Agi_DualBetter_L1_50_results.json
AgiBot,12052552,L1,llm_dual,22.650001181,1.0,0.9,0.0740794191757838,Agi_DualBetter_L1_50_results.json
AgiBot,12067164,L1,original,23.083334537,0.0,0.3,0.06350114444891612,Agi_DualBetter_L1_50_results.json
AgiBot,12067164,L1,llm_dual,23.083334537,0.0,0.4,0.054348779221375786,Agi_DualBetter_L1_50_results.json
AgiBot,12057155,L1,original,23.783334573,0.0,0.3,0.0768109733859698,Agi_DualBetter_L1_50_results.json
AgiBot,12057155,L1,llm_dual,23.783334573,0.0,0.4,0.03817177005112171,Agi_DualBetter_L1_50_results.json
AgiBot,12052683,L1,original,24.000001251,0.0,0.4,0.07398495078086853,Agi_DualBetter_L1_50_results.json
AgiBot,12052683,L1,llm_dual,24.000001251,0.0,0.4,0.04332756623625755,Agi_DualBetter_L1_50_results.json
AgiBot,12093079,L1,original,24.350001269,1.0,0.7,0.09992662817239761,Agi_DualBetter_L1_50_results.json
AgiBot,12093079,L1,llm_dual,24.350001269,1.0,0.7,0.09615641708175342,Agi_DualBetter_L1_50_results.json
AgiBot,12096259,L1,original,24.766667958,1.0,0.9,0.0938006875415643,Agi_DualBetter_L1_50_results.json
AgiBot,12096259,L1,llm_dual,24.766667958,1.0,0.9,0.0731431432068348,Agi_DualBetter_L1_50_results.json
AgiBot,12093355,L1,original,24.966667968,1.0,0.9,0.11442342400550842,Agi_DualBetter_L1_50_results.json
AgiBot,12093355,L1,llm_dual,24.966667968,1.0,0.9,0.08421391372879346,Agi_DualBetter_L1_50_results.json
AgiBot,12095888,L1,original,25.116667976,1.0,0.9,0.1288136492172877,Agi_DualBetter_L1_50_results.json
AgiBot,12095888,L1,llm_dual,25.116667976,1.0,1.0,0.090253962824742,Agi_DualBetter_L1_50_results.json
AgiBot,12067300,L1,original,25.150001311,0.0,0.3,0.07589287931720416,Agi_DualBetter_L1_50_results.json
AgiBot,12067300,L1,llm_dual,25.150001311,0.0,0.4,0.0708868217964967,Agi_DualBetter_L1_50_results.json
AgiBot,12067212,L1,original,25.216667981,0.0,0.2,0.07958325743675232,Agi_DualBetter_L1_50_results.json
AgiBot,12067212,L1,llm_dual,25.216667981,0.0,0.3,0.08200845122337341,Agi_DualBetter_L1_50_results.json
AgiBot,12093226,L1,original,25.450001327,1.0,0.9,0.10075576106707256,Agi_DualBetter_L1_50_results.json
AgiBot,12093226,L1,llm_dual,25.450001327,1.0,0.9,0.07019244382778804,Agi_DualBetter_L1_50_results.json
AgiBot,12096309,L1,original,25.500001329,0.0,0.4,0.10217142850160599,Agi_DualBetter_L1_50_results.json
AgiBot,12096309,L1,llm_dual,25.500001329,1.0,0.7,0.07085142781337102,Agi_DualBetter_L1_50_results.json
AgiBot,12053012,L1,original,25.566668,1.0,0.7,0.05888844778140386,Agi_DualBetter_L1_50_results.json
AgiBot,12053012,L1,llm_dual,25.566668,1.0,0.7,0.053425706923007965,Agi_DualBetter_L1_50_results.json
AgiBot,12096128,L1,original,25.566668,1.0,0.7,0.10559119780858357,Agi_DualBetter_L1_50_results.json
AgiBot,12096128,L1,llm_dual,25.566668,1.0,0.9,0.10452212393283844,Agi_DualBetter_L1_50_results.json
AgiBot,12067245,L1,original,25.650001337,0.0,0.3,0.06888427585363388,Agi_DualBetter_L1_50_results.json
AgiBot,12067245,L1,llm_dual,25.650001337,0.0,0.4,0.05695058902104696,Agi_DualBetter_L1_50_results.json
AgiBot,12093093,L1,original,25.916668018,1.0,0.7,0.10781271507342656,Agi_DualBetter_L1_50_results.json
AgiBot,12093093,L1,llm_dual,25.916668018,1.0,0.7,0.06029230604569117,Agi_DualBetter_L1_50_results.json
AgiBot,12096132,L1,original,25.983334688,1.0,0.9,0.11177820712327957,Agi_DualBetter_L1_50_results.json
AgiBot,12096132,L1,llm_dual,25.983334688,1.0,0.9,0.08869223296642303,Agi_DualBetter_L1_50_results.json
AgiBot,12095836,L1,original,26.150001363,1.0,0.9,0.10851360733310382,Agi_DualBetter_L1_50_results.json
AgiBot,12095836,L1,llm_dual,26.150001363,1.0,0.9,0.06629826873540878,Agi_DualBetter_L1_50_results.json
AgiBot,12096311,L1,original,26.216668033,1.0,0.7,0.11212139204144478,Agi_DualBetter_L1_50_results.json
AgiBot,12096311,L1,llm_dual,26.216668033,1.0,0.9,0.055076210449139275,Agi_DualBetter_L1_50_results.json
AgiBot,12096184,L1,original,26.550001384,1.0,0.9,0.11081299185752869,Agi_DualBetter_L1_50_results.json
AgiBot,12096184,L1,llm_dual,26.550001384,1.0,0.9,0.08022718752423923,Agi_DualBetter_L1_50_results.json
AgiBot,12096250,L1,original,26.766668062,1.0,0.8,0.1072233517964681,Agi_DualBetter_L1_50_results.json
AgiBot,12096250,L1,llm_dual,26.766668062,1.0,0.9,0.08485752592484157,Agi_DualBetter_L1_50_results.json
AgiBot,12096115,L1,original,27.066668078,1.0,0.9,0.10186982154846191,Agi_DualBetter_L1_50_results.json
AgiBot,12096115,L1,llm_dual,27.066668078,1.0,0.9,0.08516217023134232,Agi_DualBetter_L1_50_results.json
AgiBot,12096322,L1,original,27.150001415,1.0,0.7,0.09122439722220103,Agi_DualBetter_L1_50_results.json
AgiBot,12096322,L1,llm_dual,27.150001415,1.0,0.9,0.053151159236828484,Agi_DualBetter_L1_50_results.json
AgiBot,12096108,L2,original,27.200001418,1.0,0.9,0.12442298481861751,Agi_DualBetter_L2_50_results.json
AgiBot,12096108,L2,llm_dual,27.200001418,1.0,0.9,0.08613984038432439,Agi_DualBetter_L2_50_results.json
AgiBot,12079264,L2,original,27.266668088,0.0,0.4,0.11851722995440166,Agi_DualBetter_L2_50_results.json
AgiBot,12079264,L2,llm_dual,27.266668088,0.0,0.4,0.08489963163932164,Agi_DualBetter_L2_50_results.json
AgiBot,12096187,L2,original,27.283334756,1.0,0.4,0.06926800931493442,Agi_DualBetter_L2_50_results.json
AgiBot,12096187,L2,llm_dual,27.283334756,1.0,0.9,0.08277473598718643,Agi_DualBetter_L2_50_results.json
AgiBot,12093324,L2,original,27.633334774,1.0,0.7,0.10879299541314442,Agi_DualBetter_L2_50_results.json
AgiBot,12093324,L2,llm_dual,27.633334774,1.0,0.7,0.06373171135783195,Agi_DualBetter_L2_50_results.json
AgiBot,12093142,L2,original,27.916668122,1.0,0.9,0.10910213490327199,Agi_DualBetter_L2_50_results.json
AgiBot,12093142,L2,llm_dual,27.916668122,1.0,0.9,0.07300250480572383,Agi_DualBetter_L2_50_results.json
AgiBot,12093756,L2,original,28.250001473,1.0,0.4,0.12584886203209558,Agi_DualBetter_L2_50_results.json
AgiBot,12093756,L2,llm_dual,28.250001473,1.0,0.9,0.07733135546247165,Agi_DualBetter_L2_50_results.json
AgiBot,12096166,L2,original,28.250001473,1.0,0.8,0.09216339886188507,Agi_DualBetter_L2_50_results.json
AgiBot,12096166,L2,llm_dual,28.250001473,1.0,0.9,0.08899171650409698,Agi_DualBetter_L2_50_results.json
AgiBot,12079234,L2,original,28.316668143,0.0,0.0,0.1053763876358668,Agi_DualBetter_L2_50_results.json
AgiBot,12079234,L2,llm_dual,28.316668143,0.0,0.4,0.10090104987223943,Agi_DualBetter_L2_50_results.json
AgiBot,12052496,L2,original,28.416668148,1.0,0.4,0.07650175069769223,Agi_DualBetter_L2_50_results.json
AgiBot,12052496,L2,llm_dual,28.416668148,1.0,0.9,0.050632899006207786,Agi_DualBetter_L2_50_results.json
AgiBot,12093696,L2,original,28.866668172,1.0,0.9,0.11331551522016525,Agi_DualBetter_L2_50_results.json
AgiBot,12093696,L2,llm_dual,28.866668172,1.0,0.9,0.11255224669973056,Agi_DualBetter_L2_50_results.json
AgiBot,12067238,L2,original,28.916668174,0.0,0.4,0.1056304598848025,Agi_DualBetter_L2_50_results.json
AgiBot,12067238,L2,llm_dual,28.916668174,0.0,0.4,0.058220211416482925,Agi_DualBetter_L2_50_results.json
AgiBot,12093316,L2,original,29.266668193,1.0,0.4,0.09000990788141887,Agi_DualBetter_L2_50_results.json
AgiBot,12093316,L2,llm_dual,29.266668193,1.0,0.9,0.10304888089497884,Agi_DualBetter_L2_50_results.json
AgiBot,12079298,L2,original,29.933334894,0.0,0.4,0.122263270119826,Agi_DualBetter_L2_50_results.json
AgiBot,12079298,L2,llm_dual,29.933334894,0.0,0.4,0.09034606317679088,Agi_DualBetter_L2_50_results.json
AgiBot,12096320,L2,original,30.066668234,1.0,0.7,0.09307486812273662,Agi_DualBetter_L2_50_results.json
AgiBot,12096320,L2,llm_dual,30.066668234,1.0,0.7,0.09217336277167003,Agi_DualBetter_L2_50_results.json
AgiBot,12093103,L2,original,30.316668247,1.0,0.7,0.08584769318501155,Agi_DualBetter_L2_50_results.json
AgiBot,12093103,L2,llm_dual,30.316668247,1.0,0.7,0.0823511431614558,Agi_DualBetter_L2_50_results.json
AgiBot,12096193,L2,original,30.550001593,1.0,0.7,0.10729433844486873,Agi_DualBetter_L2_50_results.json
AgiBot,12096193,L2,llm_dual,30.550001593,1.0,0.7,0.09618201851844788,Agi_DualBetter_L2_50_results.json
AgiBot,12093372,L2,original,31.433334972,1.0,0.9,0.11285816381374995,Agi_DualBetter_L2_50_results.json
AgiBot,12093372,L2,llm_dual,31.433334972,1.0,0.9,0.09168422594666481,Agi_DualBetter_L2_50_results.json
AgiBot,12093111,L2,original,33.283335069,1.0,0.7,0.06812677035729091,Agi_DualBetter_L2_50_results.json
AgiBot,12093111,L2,llm_dual,33.283335069,1.0,0.9,0.09067465923726559,Agi_DualBetter_L2_50_results.json
AgiBot,12056695,L2,original,33.966668438,0.0,0.4,0.07420937965313594,Agi_DualBetter_L2_50_results.json
AgiBot,12056695,L2,llm_dual,33.966668438,1.0,0.7,0.04996470113595327,Agi_DualBetter_L2_50_results.json
AgiBot,12057111,L2,original,37.083335267,0.0,0.0,0.11054958403110504,Agi_DualBetter_L2_50_results.json
AgiBot,12057111,L2,llm_dual,37.083335267,0.0,0.4,0.06937217091520627,Agi_DualBetter_L2_50_results.json
AgiBot,12053116,L2,original,40.433335442,0.0,0.4,0.05539052188396454,Agi_DualBetter_L2_50_results.json
AgiBot,12053116,L2,llm_dual,40.433335442,1.0,0.7,0.06755117326974869,Agi_DualBetter_L2_50_results.json
AgiBot,12067327,L2,original,40.65000212,0.0,0.4,0.06649297724167506,Agi_DualBetter_L2_50_results.json
AgiBot,12067327,L2,llm_dual,40.65000212,1.0,0.7,0.06639564285675685,Agi_DualBetter_L2_50_results.json
AgiBot,12067208,L2,original,41.483335496,0.0,0.4,0.09156128267447154,Agi_DualBetter_L2_50_results.json
AgiBot,12067208,L2,llm_dual,41.483335496,1.0,0.6,0.043723819156487785,Agi_DualBetter_L2_50_results.json
AgiBot,12057359,L2,original,41.616668837,0.0,0.4,0.07743032773335774,Agi_DualBetter_L2_50_results.json
AgiBot,12057359,L2,llm_dual,41.616668837,1.0,0.7,0.050371876607338585,Agi_DualBetter_L2_50_results.json
AgiBot,12056924,L2,original,43.500002268,0.0,0.0,0.08907115831971169,Agi_DualBetter_L2_50_results.json
AgiBot,12056924,L2,llm_dual,43.500002268,0.0,0.4,0.06567995250225067,Agi_DualBetter_L2_50_results.json
AgiBot,12067191,L2,original,44.250002307,0.0,0.4,0.07728590071201324,Agi_DualBetter_L2_50_results.json
AgiBot,12067191,L2,llm_dual,44.250002307,0.0,0.4,0.04158438245455424,Agi_DualBetter_L2_50_results.json
AgiBot,12056666,L2,original,44.50000232,0.0,0.0,0.08924515048662822,Agi_DualBetter_L2_50_results.json
AgiBot,12056666,L2,llm_dual,44.50000232,0.0,0.4,0.058089268704255424,Agi_DualBetter_L2_50_results.json
AgiBot,12055936,L2,original,45.483335705,1.0,0.7,0.09340153137842815,Agi_DualBetter_L2_50_results.json
AgiBot,12055936,L2,llm_dual,45.483335705,1.0,0.7,0.055361334855357804,Agi_DualBetter_L2_50_results.json
AgiBot,12067211,L2,original,46.016669066,0.0,0.3,0.06954647228121758,Agi_DualBetter_L2_50_results.json
AgiBot,12067211,L2,llm_dual,46.016669066,0.0,0.4,0.07882751772801082,Agi_DualBetter_L2_50_results.json
AgiBot,12067158,L2,original,47.88333583,0.0,0.3,0.08345525960127513,Agi_DualBetter_L2_50_results.json
AgiBot,12067158,L2,llm_dual,47.88333583,0.0,0.4,0.07356335719426473,Agi_DualBetter_L2_50_results.json
AgiBot,12052779,L2,original,48.183335846,1.0,0.4,0.06577432031432788,Agi_DualBetter_L2_50_results.json
AgiBot,12052779,L2,llm_dual,48.183335846,1.0,0.7,0.06134518856803576,Agi_DualBetter_L2_50_results.json
AgiBot,12052966,L2,original,50.733335979,1.0,0.4,0.07099932990968227,Agi_DualBetter_L2_50_results.json
AgiBot,12052966,L2,llm_dual,50.733335979,1.0,0.7,0.07487689393262069,Agi_DualBetter_L2_50_results.json
AgiBot,12052355,L2,original,50.750002646,1.0,0.7,0.10180866469939549,Agi_DualBetter_L2_50_results.json
AgiBot,12052355,L2,llm_dual,50.750002646,1.0,0.7,0.06375093385577202,Agi_DualBetter_L2_50_results.json
AgiBot,12052650,L2,original,53.933336146,0.0,0.4,0.06896168614427249,Agi_DualBetter_L2_50_results.json
AgiBot,12052650,L2,llm_dual,53.933336146,1.0,0.8,0.06357346847653389,Agi_DualBetter_L2_50_results.json
AgiBot,12055834,L2,original,55.066669538,0.0,0.4,0.07590767368674278,Agi_DualBetter_L2_50_results.json
AgiBot,12055834,L2,llm_dual,55.066669538,0.0,0.4,0.044232968240976334,Agi_DualBetter_L2_50_results.json
AgiBot,12067260,L2,original,55.283336216,1.0,0.6,0.08074007431666057,Agi_DualBetter_L2_50_results.json
AgiBot,12067260,L2,llm_dual,55.283336216,1.0,0.6,0.06320903574426968,Agi_DualBetter_L2_50_results.json
AgiBot,12067166,L2,original,55.416669556,0.0,0.4,0.09313370659947395,Agi_DualBetter_L2_50_results.json
AgiBot,12067166,L2,llm_dual,55.416669556,0.0,0.4,0.05592583864927292,Agi_DualBetter_L2_50_results.json
AgiBot,12067184,L2,original,56.183336263,0.0,0.3,0.07736177245775859,Agi_DualBetter_L2_50_results.json
AgiBot,12067184,L2,llm_dual,56.183336263,0.0,0.4,0.07191626727581024,Agi_DualBetter_L2_50_results.json
AgiBot,12052919,L2,original,56.466669611,1.0,0.7,0.07872484748562177,Agi_DualBetter_L2_50_results.json
AgiBot,12052919,L2,llm_dual,56.466669611,1.0,0.7,0.049969226121902466,Agi_DualBetter_L2_50_results.json
AgiBot,12057354,L2,original,60.066669799,0.0,0.4,0.06768401836355527,Agi_DualBetter_L2_50_results.json
AgiBot,12057354,L2,llm_dual,60.066669799,1.0,0.7,0.05073920637369156,Agi_DualBetter_L2_50_results.json
AgiBot,12057013,L2,original,60.883336508,0.0,0.3,0.12467341870069504,Agi_DualBetter_L2_50_results.json
AgiBot,12057013,L2,llm_dual,60.883336508,0.0,0.4,0.10636214166879654,Agi_DualBetter_L2_50_results.json
AgiBot,12056598,L2,original,63.783336659,0.0,0.4,0.10442198067903519,Agi_DualBetter_L2_50_results.json
AgiBot,12056598,L2,llm_dual,63.783336659,1.0,0.7,0.08474913860360782,Agi_DualBetter_L2_50_results.json
AgiBot,12055722,L2,original,64.333336688,0.0,0.4,0.07735618576407433,Agi_DualBetter_L2_50_results.json
AgiBot,12055722,L2,llm_dual,64.333336688,1.0,0.8,0.05427959312995275,Agi_DualBetter_L2_50_results.json
AgiBot,12057337,L2,original,64.666670039,0.0,0.4,0.07249077036976814,Agi_DualBetter_L2_50_results.json
AgiBot,12057337,L2,llm_dual,64.666670039,1.0,0.7,0.05970270683368047,Agi_DualBetter_L2_50_results.json
AgiBot,12056691,L2,original,66.133336782,0.0,0.0,0.0824382733553648,Agi_DualBetter_L2_50_results.json
AgiBot,12056691,L2,llm_dual,66.133336782,1.0,0.7,0.05298451085885366,Agi_DualBetter_L2_50_results.json
AgiBot,12052691,L2,original,67.333336845,1.0,0.4,0.07687587042649587,Agi_DualBetter_L2_50_results.json
AgiBot,12052691,L2,llm_dual,67.333336845,1.0,0.9,0.04372260967890421,Agi_DualBetter_L2_50_results.json
AgiBot,12056123,L2,original,67.533336855,0.0,0.0,0.09291643897692363,Agi_DualBetter_L2_50_results.json
AgiBot,12056123,L2,llm_dual,67.533336855,0.0,0.4,0.061013915886481605,Agi_DualBetter_L2_50_results.json
AgiBot,12057175,L2,original,68.250003559,0.0,0.4,0.08742803086837132,Agi_DualBetter_L2_50_results.json
AgiBot,12057175,L2,llm_dual,68.250003559,1.0,0.7,0.03436313010752201,Agi_DualBetter_L2_50_results.json
AgiBot,12055931,L2,original,68.466670237,0.0,0.4,0.08984244614839554,Agi_DualBetter_L2_50_results.json
AgiBot,12055931,L2,llm_dual,68.466670237,1.0,0.7,0.03902542715271314,Agi_DualBetter_L2_50_results.json
AgiBot,12056630,L2,original,69.383336951,1.0,0.7,0.08025955408811569,Agi_DualBetter_L2_50_results.json
AgiBot,12056630,L2,llm_dual,69.383336951,1.0,0.9,0.0453668919702371,Agi_DualBetter_L2_50_results.json
AgiBot,12052516,L3,original,72.766670461,0.0,0.4,0.08360429108142853,Agi_DualBetter_L3_50_results.json
AgiBot,12052516,L3,llm_dual,72.766670461,1.0,0.7,0.04941703503330549,Agi_DualBetter_L3_50_results.json
AgiBot,12052365,L3,original,72.983337139,0.0,0.4,0.07686980813741684,Agi_DualBetter_L3_50_results.json
AgiBot,12052365,L3,llm_dual,72.983337139,1.0,0.8,0.04908416420221329,Agi_DualBetter_L3_50_results.json
AgiBot,12052646,L3,original,74.40000388,1.0,0.6,0.0759755124648412,Agi_DualBetter_L3_50_results.json
AgiBot,12052646,L3,llm_dual,74.40000388,1.0,0.9,0.054672107100486755,Agi_DualBetter_L3_50_results.json
AgiBot,12052745,L3,original,77.066670686,0.0,0.3,0.07474428415298462,Agi_DualBetter_L3_50_results.json
AgiBot,12052745,L3,llm_dual,77.066670686,0.0,0.4,0.07147486880421638,Agi_DualBetter_L3_50_results.json
AgiBot,12052534,L3,original,78.05000407,0.0,0.4,0.06846938033898671,Agi_DualBetter_L3_50_results.json
AgiBot,12052534,L3,llm_dual,78.05000407,1.0,0.7,0.05804769570628802,Agi_DualBetter_L3_50_results.json
AgiBot,12055595,L3,original,78.400004088,0.0,0.4,0.07726134980718295,Agi_DualBetter_L3_50_results.json
AgiBot,12055595,L3,llm_dual,78.400004088,1.0,0.7,0.08240040019154549,Agi_DualBetter_L3_50_results.json
AgiBot,12053069,L3,original,84.183337723,0.0,0.3,0.052184307326873146,Agi_DualBetter_L3_50_results.json
AgiBot,12053069,L3,llm_dual,84.183337723,0.0,0.4,0.040094525863726936,Agi_DualBetter_L3_50_results.json
AgiBot,12052777,L3,original,89.583338005,1.0,0.7,0.06594053407510121,Agi_DualBetter_L3_50_results.json
AgiBot,12052777,L3,llm_dual,89.583338005,1.0,0.9,0.04992801447709402,Agi_DualBetter_L3_50_results.json
AgiBot,12053104,L3,original,90.250004706,0.0,0.0,0.05892526110013326,Agi_DualBetter_L3_50_results.json
AgiBot,12053104,L3,llm_dual,90.250004706,1.0,0.7,0.04976173614462217,Agi_DualBetter_L3_50_results.json
AgiBot,12052348,L3,original,93.800004892,1.0,0.7,0.07189178218444188,Agi_DualBetter_L3_50_results.json
AgiBot,12052348,L3,llm_dual,93.800004892,1.0,0.7,0.06191159412264824,Agi_DualBetter_L3_50_results.json
AgiBot,12055891,L3,original,94.950004952,0.0,0.4,0.1274212176601092,Agi_DualBetter_L3_50_results.json
AgiBot,12055891,L3,llm_dual,94.950004952,1.0,0.7,0.07388275116682053,Agi_DualBetter_L3_50_results.json
AgiBot,12057176,L3,original,96.066671676,0.0,0.4,0.10335889707008998,Agi_DualBetter_L3_50_results.json
AgiBot,12057176,L3,llm_dual,96.066671676,1.0,0.7,0.071451544140776,Agi_DualBetter_L3_50_results.json
AgiBot,12052515,L3,original,97.000005058,0.0,0.4,0.07399642405410607,Agi_DualBetter_L3_50_results.json
AgiBot,12052515,L3,llm_dual,97.000005058,1.0,0.7,0.04052447838087877,Agi_DualBetter_L3_50_results.json
AgiBot,12055618,L3,original,97.000005058,1.0,0.7,0.08114263166983922,Agi_DualBetter_L3_50_results.json
AgiBot,12055618,L3,llm_dual,97.000005058,1.0,0.8,0.056844111531972885,Agi_DualBetter_L3_50_results.json
AgiBot,12052949,L3,original,99.166671838,0.0,0.3,0.051573013265927635,Agi_DualBetter_L3_50_results.json
AgiBot,12052949,L3,llm_dual,99.166671838,0.0,0.4,0.04948763673504194,Agi_DualBetter_L3_50_results.json
AgiBot,12055925,L3,original,99.750005202,0.0,0.4,0.0882287509739399,Agi_DualBetter_L3_50_results.json
AgiBot,12055925,L3,llm_dual,99.750005202,1.0,0.9,0.07270524402459462,Agi_DualBetter_L3_50_results.json
AgiBot,12050928,L3,original,101.983338652,0.0,0.4,0.08810855572422345,Agi_DualBetter_L3_50_results.json
AgiBot,12050928,L3,llm_dual,101.983338652,0.0,0.4,0.060949513067801796,Agi_DualBetter_L3_50_results.json
AgiBot,12053142,L3,original,105.350005494,0.0,0.4,0.05939219519495964,Agi_DualBetter_L3_50_results.json
AgiBot,12053142,L3,llm_dual,105.350005494,1.0,0.7,0.05293174833059311,Agi_DualBetter_L3_50_results.json
AgiBot,12052940,L3,original,106.000005528,1.0,0.7,0.08521442612012227,Agi_DualBetter_L3_50_results.json
AgiBot,12052940,L3,llm_dual,106.000005528,1.0,0.7,0.05864209681749344,Agi_DualBetter_L3_50_results.json
AgiBot,12055850,L3,original,106.966672245,0.0,0.4,0.11585106079777081,Agi_DualBetter_L3_50_results.json
AgiBot,12055850,L3,llm_dual,106.966672245,0.0,0.4,0.07575913518667221,Agi_DualBetter_L3_50_results.json
AgiBot,12050837,L3,original,107.916672294,0.0,0.3,0.06602146849036217,Agi_DualBetter_L3_50_results.json
AgiBot,12050837,L3,llm_dual,107.916672294,0.0,0.4,0.05614192100862662,Agi_DualBetter_L3_50_results.json
AgiBot,12052907,L3,original,109.450005708,0.0,0.4,0.0631587840616703,Agi_DualBetter_L3_50_results.json
AgiBot,12052907,L3,llm_dual,109.450005708,1.0,0.7,0.03762231643001238,Agi_DualBetter_L3_50_results.json
AgiBot,12052685,L3,original,112.633339207,1.0,0.4,0.05240483954548836,Agi_DualBetter_L3_50_results.json
AgiBot,12052685,L3,llm_dual,112.633339207,1.0,0.8,0.042642208437124886,Agi_DualBetter_L3_50_results.json
AgiBot,12053001,L3,original,117.533339463,0.0,0.4,0.042603567242622375,Agi_DualBetter_L3_50_results.json
AgiBot,12053001,L3,llm_dual,117.533339463,1.0,0.7,0.054580715795358024,Agi_DualBetter_L3_50_results.json
AgiBot,12052639,L3,original,118.066672824,0.0,0.4,0.08949753393729527,Agi_DualBetter_L3_50_results.json
AgiBot,12052639,L3,llm_dual,118.066672824,1.0,0.4,0.0651502584417661,Agi_DualBetter_L3_50_results.json
AgiBot,12050878,L3,original,118.783339528,0.0,0.3,0.07660274455944698,Agi_DualBetter_L3_50_results.json
AgiBot,12050878,L3,llm_dual,118.783339528,0.0,0.4,0.043071948612729706,Agi_DualBetter_L3_50_results.json
AgiBot,12052738,L3,original,122.483339721,1.0,0.7,0.06681311254700024,Agi_DualBetter_L3_50_results.json
AgiBot,12052738,L3,llm_dual,122.483339721,1.0,0.7,0.050365480283896126,Agi_DualBetter_L3_50_results.json
AgiBot,12052913,L3,original,123.200006425,0.0,0.4,0.06371322274208069,Agi_DualBetter_L3_50_results.json
AgiBot,12052913,L3,llm_dual,123.200006425,1.0,0.7,0.053428295999765396,Agi_DualBetter_L3_50_results.json
AgiBot,12052945,L3,original,124.750006506,1.0,0.7,0.06080614278713862,Agi_DualBetter_L3_50_results.json
AgiBot,12052945,L3,llm_dual,124.750006506,1.0,0.7,0.05416256934404373,Agi_DualBetter_L3_50_results.json
AgiBot,12053100,L3,original,125.566673215,0.0,0.4,0.06560986489057541,Agi_DualBetter_L3_50_results.json
AgiBot,12053100,L3,llm_dual,125.566673215,1.0,0.7,0.05090975513060888,Agi_DualBetter_L3_50_results.json
AgiBot,12050965,L3,original,127.083339961,0.0,0.4,0.07995872447888057,Agi_DualBetter_L3_50_results.json
AgiBot,12050965,L3,llm_dual,127.083339961,1.0,0.9,0.05530114844441414,Agi_DualBetter_L3_50_results.json
AgiBot,12052690,L3,original,128.433340031,1.0,0.8,0.08415498957037926,Agi_DualBetter_L3_50_results.json
AgiBot,12052690,L3,llm_dual,128.433340031,1.0,0.9,0.052727273354927696,Agi_DualBetter_L3_50_results.json
AgiBot,12050818,L3,original,128.716673379,0.0,0.3,0.056564544017116226,Agi_DualBetter_L3_50_results.json
AgiBot,12050818,L3,llm_dual,128.716673379,0.0,0.4,0.06394380082686742,Agi_DualBetter_L3_50_results.json
AgiBot,12050785,L3,original,133.616673635,0.0,0.4,0.07524516060948372,Agi_DualBetter_L3_50_results.json
AgiBot,12050785,L3,llm_dual,133.616673635,1.0,0.7,0.07579054559270541,Agi_DualBetter_L3_50_results.json
AgiBot,12053062,L3,original,134.783340362,0.0,0.4,0.05006323258082072,Agi_DualBetter_L3_50_results.json
AgiBot,12053062,L3,llm_dual,134.783340362,1.0,0.7,0.044469272096951805,Agi_DualBetter_L3_50_results.json
AgiBot,12050958,L3,original,138.583340561,0.0,0.4,0.07097604870796204,Agi_DualBetter_L3_50_results.json
AgiBot,12050958,L3,llm_dual,138.583340561,0.0,0.4,0.054837328692277275,Agi_DualBetter_L3_50_results.json
AgiBot,12050973,L3,original,139.916673963,0.0,0.4,0.06954353054364522,Agi_DualBetter_L3_50_results.json
AgiBot,12050973,L3,llm_dual,139.916673963,0.0,0.4,0.05409089848399162,Agi_DualBetter_L3_50_results.json
AgiBot,12052607,L3,original,140.333340652,1.0,0.4,0.08437796806295712,Agi_DualBetter_L3_50_results.json
AgiBot,12052607,L3,llm_dual,140.333340652,1.0,0.7,0.0499960221350193,Agi_DualBetter_L3_50_results.json
AgiBot,12050922,L3,original,146.216674292,0.0,0.4,0.08635844414432843,Agi_DualBetter_L3_50_results.json
AgiBot,12050922,L3,llm_dual,146.216674292,0.0,0.4,0.05683934005598227,Agi_DualBetter_L3_50_results.json
AgiBot,12050872,L3,original,146.783340988,0.0,0.4,0.07870897899071376,Agi_DualBetter_L3_50_results.json
AgiBot,12050872,L3,llm_dual,146.783340988,1.0,0.7,0.05379242325822512,Agi_DualBetter_L3_50_results.json
AgiBot,12052735,L3,original,148.133341059,0.0,0.4,0.05524591480692228,Agi_DualBetter_L3_50_results.json
AgiBot,12052735,L3,llm_dual,148.133341059,0.0,0.4,0.039306306590636574,Agi_DualBetter_L3_50_results.json
AgiBot,12050949,L3,original,158.416674928,0.0,0.4,0.08540974805752437,Agi_DualBetter_L3_50_results.json
AgiBot,12050949,L3,llm_dual,158.416674928,1.0,0.7,0.07154173652331035,Agi_DualBetter_L3_50_results.json
AgiBot,12052858,L3,original,167.450008733,0.0,0.4,0.04881183182199796,Agi_DualBetter_L3_50_results.json
AgiBot,12052858,L3,llm_dual,167.450008733,1.0,0.7,0.04724269236127535,Agi_DualBetter_L3_50_results.json
AgiBot,12052941,L3,original,170.033342201,0.0,0.4,0.051402623454729714,Agi_DualBetter_L3_50_results.json
AgiBot,12052941,L3,llm_dual,170.033342201,1.0,0.7,0.050642079363266625,Agi_DualBetter_L3_50_results.json
AgiBot,12052824,L3,original,172.100008975,0.0,0.4,0.05283124869068464,Agi_DualBetter_L3_50_results.json
AgiBot,12052824,L3,llm_dual,172.100008975,1.0,0.7,0.04672270640730858,Agi_DualBetter_L3_50_results.json
AgiBot,12053089,L3,original,197.000010274,0.0,0.3,0.07546170676747958,Agi_DualBetter_L3_50_results.json
AgiBot,12053089,L3,llm_dual,197.000010274,1.0,0.7,0.049774572253227234,Agi_DualBetter_L3_50_results.json
AgiBot,12053129,L3,original,204.166677314,0.0,0.0,0.08050508797168732,Agi_DualBetter_L3_50_results.json
AgiBot,12053129,L3,llm_dual,204.166677314,1.0,0.7,0.07469074055552483,Agi_DualBetter_L3_50_results.json
AgiBot,12053052,L3,original,213.500011134,1.0,0.7,0.04713386918107668,Agi_DualBetter_L3_50_results.json
AgiBot,12053052,L3,llm_dual,213.500011134,1.0,0.8,0.041041666020949684,Agi_DualBetter_L3_50_results.json
AgiBot,12052962,L3,original,233.633345518,1.0,0.4,0.047854880491892494,Agi_DualBetter_L3_50_results.json
AgiBot,12052962,L3,llm_dual,233.633345518,1.0,0.7,0.05579128861427307,Agi_DualBetter_L3_50_results.json
AgiBot,12053049,L3,original,237.566679056,0.0,0.3,0.06742195288340251,Agi_DualBetter_L3_50_results.json
AgiBot,12053049,L3,llm_dual,237.566679056,1.0,0.7,0.03656486111382643,Agi_DualBetter_L3_50_results.json
AgiBot,12093035,L1,llm_val,16.416667522,1.0,0.7,0.06069457406798998,agibot_3way_compare.json
AgiBot,12093263,L1,llm_val,15.900000829,0.0,0.4,0.06115265190601349,agibot_3way_compare.json
AgiBot,12093284,L1,llm_val,14.366667415,1.0,0.6,0.07723259304960568,agibot_3way_compare.json
AgiBot,12093350,L1,llm_val,17.500000912,0.0,0.4,0.07646124561627705,agibot_3way_compare.json
AgiBot,12093359,L1,llm_val,16.166667509,0.0,0.4,0.05261010676622391,agibot_3way_compare.json
AgiBot,12093365,L1,llm_val,16.316667517,0.0,0.4,0.06581217298905055,agibot_3way_compare.json
AgiBot,12093492,L1,llm_val,17.016667554,1.0,0.7,0.054133251309394836,agibot_3way_compare.json
AgiBot,12093549,L1,llm_val,16.783334208,1.0,0.7,0.0669081596036752,agibot_3way_compare.json
AgiBot,12093596,L1,llm_val,16.800000876,1.0,0.7,0.051952636490265526,agibot_3way_compare.json
AgiBot,12093633,L1,llm_val,16.716667538,1.0,0.7,0.05942860928674539,agibot_3way_compare.json
AgiBot,12093685,L1,llm_val,14.300000745,1.0,0.8,0.049957770854234695,agibot_3way_compare.json
AgiBot,12093687,L1,llm_val,15.716667486,0.0,0.4,0.06995200862487157,agibot_3way_compare.json
AgiBot,12093695,L1,llm_val,16.916667548,1.0,0.7,0.05497273802757263,agibot_3way_compare.json
AgiBot,12093734,L1,llm_val,17.750000925,0.0,0.4,0.06470214823881786,agibot_3way_compare.json
AgiBot,12093912,L1,llm_val,16.350000852,0.0,0.4,0.07532071322202682,agibot_3way_compare.json
AgiBot,12094096,L1,llm_val,17.65000092,0.0,0.4,0.04982018594940504,agibot_3way_compare.json
AgiBot,12093079,L1,llm_val,24.350001269,1.0,0.7,0.08063862721125285,agibot_3way_compare.json
AgiBot,12093093,L1,llm_val,25.916668018,1.0,0.9,0.07276223537822564,agibot_3way_compare.json
AgiBot,12093103,L2,llm_val,30.316668247,1.0,0.7,0.08114665374159813,agibot_3way_compare.json
AgiBot,12093111,L2,llm_val,33.283335069,1.0,0.7,0.05753334114948908,agibot_3way_compare.json
AgiBot,12093142,L2,llm_val,27.916668122,1.0,0.9,0.08959392458200455,agibot_3way_compare.json
AgiBot,12093226,L1,llm_val,25.450001327,1.0,0.9,0.07117912545800209,agibot_3way_compare.json
AgiBot,12093316,L2,llm_val,29.266668193,1.0,0.7,0.07266836116711299,agibot_3way_compare.json
AgiBot,12093324,L2,llm_val,27.633334774,0.0,0.4,0.05789793903628985,agibot_3way_compare.json
AgiBot,12093355,L1,llm_val,24.966667968,1.0,0.9,0.08287790417671204,agibot_3way_compare.json
AgiBot,12093372,L2,llm_val,31.433334972,1.0,1.0,0.09881586953997612,agibot_3way_compare.json
AgiBot,12093696,L2,llm_val,28.866668172,1.0,0.9,0.10414830533166726,agibot_3way_compare.json
AgiBot,12093756,L2,llm_val,28.250001473,1.0,0.7,0.06892805422345798,agibot_3way_compare.json
AgiBot,12095836,L1,llm_val,26.150001363,1.0,0.9,0.07698950543999672,agibot_3way_compare.json
AgiBot,12095888,L1,llm_val,25.116667976,1.0,0.9,0.0799938440322876,agibot_3way_compare.json
AgiBot,12096108,L2,llm_val,27.200001418,1.0,0.9,0.08270810420314471,agibot_3way_compare.json
AgiBot,12096115,L1,llm_val,27.066668078,1.0,0.7,0.07361308361093204,agibot_3way_compare.json
AgiBot,12096128,L1,llm_val,25.566668,1.0,0.7,0.0914096087217331,agibot_3way_compare.json
AgiBot,12096132,L1,llm_val,25.983334688,1.0,0.9,0.10379522790511449,agibot_3way_compare.json
AgiBot,12096166,L2,llm_val,28.250001473,1.0,0.9,0.082597100486358,agibot_3way_compare.json
AgiBot,12096184,L1,llm_val,26.550001384,1.0,0.9,0.12348901480436325,agibot_3way_compare.json
AgiBot,12096187,L2,llm_val,27.283334756,1.0,0.7,0.06964734693368275,agibot_3way_compare.json
AgiBot,12096193,L2,llm_val,30.550001593,1.0,0.9,0.11058688536286354,agibot_3way_compare.json
AgiBot,12096250,L1,llm_val,26.766668062,1.0,0.7,0.08122436205546062,agibot_3way_compare.json
AgiBot,12096259,L1,llm_val,24.766667958,1.0,0.4,0.06904082496960957,agibot_3way_compare.json
AgiBot,12096309,L1,llm_val,25.500001329,1.0,0.9,0.08474962910016377,agibot_3way_compare.json
AgiBot,12096311,L1,llm_val,26.216668033,1.0,0.9,0.05637115426361561,agibot_3way_compare.json
AgiBot,12096320,L2,llm_val,30.066668234,1.0,0.7,0.1082526296377182,agibot_3way_compare.json
AgiBot,12096322,L1,llm_val,27.150001415,1.0,1.0,0.05795160805185636,agibot_3way_compare.json
AgiBot,12079234,L2,llm_val,28.316668143,0.0,0.0,0.08907383431990941,agibot_3way_compare.json
AgiBot,12079264,L2,llm_val,27.266668088,0.0,0.4,0.08112217485904694,agibot_3way_compare.json
AgiBot,12079298,L2,llm_val,29.933334894,1.0,0.4,0.0758984126150608,agibot_3way_compare.json
AgiBot,12067158,L2,llm_val,47.88333583,1.0,0.7,0.05779248724381129,agibot_3way_compare.json
AgiBot,12067164,L1,llm_val,23.083334537,0.0,0.4,0.051284936567147575,agibot_3way_compare.json
AgiBot,12067166,L2,llm_val,55.416669556,0.0,0.4,0.06443132335940997,agibot_3way_compare.json
AgiBot,12067184,L2,llm_val,56.183336263,0.0,0.6,0.07664091760913531,agibot_3way_compare.json
AgiBot,12067191,L2,llm_val,44.250002307,1.0,0.7,0.05023832557102045,agibot_3way_compare.json
AgiBot,12067208,L2,llm_val,41.483335496,0.0,0.4,0.04169618089993795,agibot_3way_compare.json
AgiBot,12067211,L2,llm_val,46.016669066,0.0,0.4,0.08265464504559834,agibot_3way_compare.json
AgiBot,12067237,L1,llm_val,20.650001076,1.0,0.6,0.06674851104617119,agibot_3way_compare.json
AgiBot,12067238,L2,llm_val,28.916668174,0.0,0.4,0.046611398458480835,agibot_3way_compare.json
AgiBot,12067245,L1,llm_val,25.650001337,0.0,0.4,0.06027363737424215,agibot_3way_compare.json
AgiBot,12067252,L1,llm_val,22.016667814,1.0,0.6,0.061678530027469,agibot_3way_compare.json
AgiBot,12067260,L2,llm_val,55.283336216,1.0,0.6,0.06828379879395167,agibot_3way_compare.json
AgiBot,12067294,L1,llm_val,22.583334511,0.0,0.4,0.060519538819789886,agibot_3way_compare.json
AgiBot,12067300,L1,llm_val,25.150001311,0.0,0.4,0.05702845628062884,agibot_3way_compare.json
AgiBot,12067313,L1,llm_val,21.050001097,1.0,0.6,0.04188863870998224,agibot_3way_compare.json
AgiBot,12067327,L2,llm_val,40.65000212,0.0,0.4,0.06390113259355228,agibot_3way_compare.json
AgiBot,12067349,L1,llm_val,19.650001024,0.0,0.4,0.06876920908689499,agibot_3way_compare.json
AgiBot,12055595,L3,llm_val,78.400004088,0.0,0.4,0.0747205192844073,agibot_3way_compare.json
AgiBot,12055618,L3,llm_val,97.000005058,1.0,0.8,0.07304798563321431,agibot_3way_compare.json
AgiBot,12055722,L2,llm_val,64.333336688,1.0,0.7,0.0448581725358963,agibot_3way_compare.json
AgiBot,12055834,L2,llm_val,55.066669538,1.0,0.7,0.04572327062487602,agibot_3way_compare.json
AgiBot,12055850,L3,llm_val,106.966672245,0.0,0.4,0.05553446399668852,agibot_3way_compare.json
AgiBot,12055885,L1,llm_val,19.88333437,0.0,0.2,0.08324474096298218,agibot_3way_compare.json
AgiBot,12055891,L3,llm_val,94.950004952,1.0,0.7,0.07566447680195172,agibot_3way_compare.json
AgiBot,12055925,L3,llm_val,99.750005202,1.0,0.7,0.06896191462874413,agibot_3way_compare.json
AgiBot,12055931,L2,llm_val,68.466670237,1.0,0.7,0.05752677967151006,agibot_3way_compare.json
AgiBot,12055936,L2,llm_val,45.483335705,1.0,0.7,0.06538348272442818,agibot_3way_compare.json
AgiBot,12056123,L2,llm_val,67.533336855,0.0,0.4,0.07953112199902534,agibot_3way_compare.json
AgiBot,12056212,L1,llm_val,20.266667723,1.0,0.8,0.0701542633275191,agibot_3way_compare.json
AgiBot,12056598,L2,llm_val,63.783336659,1.0,0.7,0.09915841122468312,agibot_3way_compare.json
AgiBot,12056630,L2,llm_val,69.383336951,1.0,0.7,0.07418507089217503,agibot_3way_compare.json
AgiBot,12056666,L2,llm_val,44.50000232,0.0,0.3,0.05204214652379354,agibot_3way_compare.json
AgiBot,12056695,L2,llm_val,33.966668438,0.0,0.4,0.06236292297641436,agibot_3way_compare.json
AgiBot,12056924,L2,llm_val,43.500002268,1.0,0.7,0.06852706025044124,agibot_3way_compare.json
AgiBot,12057013,L2,llm_val,60.883336508,0.0,0.4,0.06481125578284264,agibot_3way_compare.json
AgiBot,12057111,L2,llm_val,37.083335267,0.0,0.4,0.07139299313227336,agibot_3way_compare.json
AgiBot,12057155,L1,llm_val,23.783334573,0.0,0.4,0.06497737827400367,agibot_3way_compare.json
AgiBot,12057172,L1,llm_val,21.30000111,1.0,0.7,0.0470803597321113,agibot_3way_compare.json
AgiBot,12057175,L2,llm_val,68.250003559,0.0,0.4,0.03493769591053327,agibot_3way_compare.json
AgiBot,12057176,L3,llm_val,96.066671676,1.0,0.7,0.06620961924393971,agibot_3way_compare.json
AgiBot,12057227,L1,llm_val,20.483334401,0.0,0.4,0.07497417616347472,agibot_3way_compare.json
AgiBot,12057337,L2,llm_val,64.666670039,1.0,0.7,0.057062783588965736,agibot_3way_compare.json
AgiBot,12057354,L2,llm_val,60.066669799,1.0,0.6,0.05653160313765208,agibot_3way_compare.json
AgiBot,12057359,L2,llm_val,41.616668837,1.0,0.7,0.05185208593805631,agibot_3way_compare.json
AgiBot,12052348,L3,llm_val,93.800004892,1.0,0.7,0.06648371989528339,agibot_3way_compare.json
AgiBot,12052353,L1,llm_val,20.133334383,0.0,0.4,0.061373256146907806,agibot_3way_compare.json
AgiBot,12052355,L2,llm_val,50.750002646,1.0,0.7,0.061780414233605065,agibot_3way_compare.json
AgiBot,12052365,L3,llm_val,72.983337139,1.0,0.8,0.0523027703166008,agibot_3way_compare.json
AgiBot,12052496,L2,llm_val,28.416668148,1.0,0.7,0.04683865730961164,agibot_3way_compare.json
AgiBot,12052515,L3,llm_val,97.000005058,1.0,0.7,0.03817921318113804,agibot_3way_compare.json
AgiBot,12052516,L3,llm_val,72.766670461,1.0,0.7,0.05996942147612572,agibot_3way_compare.json
AgiBot,12052534,L3,llm_val,78.05000407,1.0,0.7,0.05719322587052981,agibot_3way_compare.json
AgiBot,12052552,L1,llm_val,22.650001181,1.0,0.7,0.07687028249104817,agibot_3way_compare.json
AgiBot,12052607,L3,llm_val,140.333340652,1.0,0.4,0.056934911757707596,agibot_3way_compare.json
AgiBot,12052639,L3,llm_val,118.066672824,1.0,0.7,0.06009807934363683,agibot_3way_compare.json
AgiBot,12052646,L3,llm_val,74.40000388,1.0,0.9,0.05484595956901709,agibot_3way_compare.json
AgiBot,12052650,L2,llm_val,53.933336146,1.0,0.8,0.05823457365234693,agibot_3way_compare.json
AgiBot,12052683,L1,llm_val,24.000001251,1.0,0.7,0.09923424571752548,agibot_3way_compare.json
AgiBot,12052685,L3,llm_val,112.633339207,1.0,0.7,0.038619917506972946,agibot_3way_compare.json
AgiBot,12052690,L3,llm_val,128.433340031,1.0,0.8,0.04044801617662112,agibot_3way_compare.json
AgiBot,12052691,L2,llm_val,67.333336845,1.0,0.9,0.04864767814675967,agibot_3way_compare.json
AgiBot,12052745,L3,llm_val,77.066670686,1.0,0.7,0.06486596539616585,agibot_3way_compare.json
AgiBot,12052777,L3,llm_val,89.583338005,1.0,0.9,0.04897277678052584,agibot_3way_compare.json
AgiBot,12052779,L2,llm_val,48.183335846,1.0,0.9,0.07111257563034694,agibot_3way_compare.json
AgiBot,12052907,L3,llm_val,109.450005708,1.0,0.7,0.034225139766931534,agibot_3way_compare.json
AgiBot,12052919,L2,llm_val,56.466669611,1.0,0.7,0.053716883063316345,agibot_3way_compare.json
AgiBot,12052940,L3,llm_val,106.000005528,1.0,0.7,0.057378834734360375,agibot_3way_compare.json
AgiBot,12052966,L2,llm_val,50.733335979,1.0,0.7,0.04884859547019005,agibot_3way_compare.json
AgiBot,12052735,L3,llm_val,148.133341059,1.0,0.7,0.046143041302760444,agibot_3way_compare.json
AgiBot,12052738,L3,llm_val,122.483339721,0.0,0.4,0.04684219012657801,agibot_3way_compare.json
AgiBot,12052824,L3,llm_val,172.100008975,1.0,0.7,0.061745004107554756,agibot_3way_compare.json
AgiBot,12052858,L3,llm_val,167.450008733,0.0,0.4,0.05219874779383341,agibot_3way_compare.json
AgiBot,12052913,L3,llm_val,123.200006425,0.0,0.4,0.053719495733579,agibot_3way_compare.json
AgiBot,12052941,L3,llm_val,170.033342201,1.0,0.7,0.056941007574399315,agibot_3way_compare.json
AgiBot,12052945,L3,llm_val,124.750006506,1.0,0.7,0.0615248903632164,agibot_3way_compare.json
AgiBot,12052949,L3,llm_val,99.166671838,0.0,0.4,0.045799278964598976,agibot_3way_compare.json
AgiBot,12052962,L3,llm_val,233.633345518,0.0,0.4,0.056221770743529,agibot_3way_compare.json
AgiBot,12053001,L3,llm_val,117.533339463,0.0,0.4,0.05783590922753016,agibot_3way_compare.json
AgiBot,12053012,L1,llm_val,25.566668,1.0,0.7,0.05771828877429167,agibot_3way_compare.json
AgiBot,12053049,L3,llm_val,237.566679056,0.0,0.0,0.05165643307069937,agibot_3way_compare.json
AgiBot,12053052,L3,llm_val,213.500011134,1.0,0.7,0.03529109060764313,agibot_3way_compare.json
AgiBot,12053062,L3,llm_val,134.783340362,1.0,0.7,0.040124569088220596,agibot_3way_compare.json
AgiBot,12053069,L3,llm_val,84.183337723,1.0,0.7,0.05762592827280363,agibot_3way_compare.json
AgiBot,12053089,L3,llm_val,197.000010274,0.0,0.4,0.05800312881668409,agibot_3way_compare.json
AgiBot,12053100,L3,llm_val,125.566673215,0.0,0.4,0.05885390688975652,agibot_3way_compare.json
AgiBot,12053104,L3,llm_val,90.250004706,1.0,0.7,0.059078264981508255,agibot_3way_compare.json
AgiBot,12053116,L2,llm_val,40.433335442,0.0,0.3,0.07122388233741124,agibot_3way_compare.json
AgiBot,12053129,L3,llm_val,204.166677314,1.0,0.7,0.0917327565451463,agibot_3way_compare.json
AgiBot,12053142,L3,llm_val,105.350005494,0.0,0.4,0.04641231149435043,agibot_3way_compare.json
AgiBot,12050785,L3,llm_val,133.616673635,0.0,0.4,0.06653290862838428,agibot_3way_compare.json
AgiBot,12050818,L3,llm_val,128.716673379,0.0,0.4,0.05644459587832292,agibot_3way_compare.json
AgiBot,12050837,L3,llm_val,107.916672294,0.0,0.4,0.05433306097984314,agibot_3way_compare.json
AgiBot,12050872,L3,llm_val,146.783340988,0.0,0.4,0.045917594184478126,agibot_3way_compare.json
AgiBot,12050878,L3,llm_val,118.783339528,0.0,0.4,0.04002845970292886,agibot_3way_compare.json
AgiBot,12050922,L3,llm_val,146.216674292,0.0,0.4,0.05832872663935026,agibot_3way_compare.json
AgiBot,12050928,L3,llm_val,101.983338652,1.0,0.7,0.06269947066903114,agibot_3way_compare.json
AgiBot,12050949,L3,llm_val,158.416674928,0.0,0.4,0.072728897134463,agibot_3way_compare.json
AgiBot,12050958,L3,llm_val,138.583340561,0.0,0.4,0.05993354072173437,agibot_3way_compare.json
AgiBot,12050965,L3,llm_val,127.083339961,0.0,0.4,0.05862924332420031,agibot_3way_compare.json
AgiBot,12050973,L3,llm_val,139.916673963,1.0,0.7,0.05486190070708593,agibot_3way_compare.json
